,sal_20_21,currentAge,height,weight,total_timeOnIce,total_assists,total_goals,total_pim,total_hits,total_penaltyMinutes,total_faceOffPct,total_shotPct,total_overTimeGoals,total_shortHandedGoals,total_shortHandedTimeOnIce,total_blocked,total_plusMinus,assist_height,name,birthStateProvince,birthCountry,alternateCaptain,captain,rookie,shootsCatches,rosterStatus
0,8000000.0,32,72.0,210,12478.5,239.0,73.0,495.0,667.0,495.0,33.33,41.86000000000001,2.0,1.0,955.5999999999999,706.0,15.0,17208.0,Defenseman,ON,CAN,True,False,False,R,Y
1,4700000.0,27,73.0,206,7060.6,95.0,15.0,104.0,175.0,104.0,0.0,37.89,0.0,0.0,708.13,593.0,13.0,6935.0,Defenseman,SK,CAN,False,False,False,L,Y
2,4675000.0,26,74.0,205,8942.67,126.0,37.0,264.0,435.0,264.0,0.0,30.810000000000002,0.0,0.0,419.78999999999996,394.0,-107.0,9324.0,Defenseman,SK,CAN,True,False,False,R,Y
3,1500000.0,27,71.0,192,3632.25,35.0,12.0,152.0,223.0,152.0,0.0,31.65,0.0,0.0,94.19,283.0,-20.0,2485.0,Defenseman,IL,USA,False,False,False,R,Y
4,3600000.0,26,70.0,190,3807.59,82.0,13.0,32.0,90.0,32.0,0.0,15.879999999999999,0.0,0.0,26.450000000000003,211.0,-24.0,5740.0,Defenseman,WI,USA,False,False,False,L,Y
5,2500000.0,25,74.0,195,3492.64,48.0,48.0,318.0,343.0,318.0,116.66,32.89,0.0,0.0,5.62,101.0,-56.0,3552.0,Left Wing,NY,USA,True,False,False,L,Y
6,2500000.0,26,77.0,220,1595.45,19.0,12.0,47.0,144.0,47.0,0.0,18.24,0.0,0.0,224.48000000000002,201.0,44.0,1463.0,Defenseman,NS,CAN,False,False,False,L,Y
7,2000000.0,24,75.0,210,4046.9500000000003,71.0,37.0,78.0,255.0,78.0,209.59,38.11,0.0,5.0,386.9,89.0,-34.0,5325.0,Center,0,CZE,False,False,False,L,Y
8,369264.0,24,70.0,194,58.57000000000001,1.0,1.0,4.0,9.0,4.0,0.0,12.5,0.0,0.0,0.0,2.0,0.0,70.0,Right Wing,AB,CAN,False,False,True,L,Y
9,2050000.0,22,70.0,175,2740.27,63.0,37.0,30.0,109.0,30.0,143.84,37.59,0.0,1.0,88.37,66.0,-30.0,4410.0,Left Wing,0,SWE,False,False,False,L,Y
10,7000000.0,22,73.0,175,3633.6399999999994,84.0,51.0,62.0,157.0,62.0,139.89,33.14,3.0,1.0,140.93,120.0,-6.0,6132.0,Center,0,CHE,False,True,False,L,Y
11,925000.0,20,71.0,176,967.47,14.0,7.0,10.0,12.0,10.0,36.14,5.7,1.0,0.0,1.06,21.0,-26.0,994.0,Center,FL,USA,False,False,False,L,Y
12,358618.0,36,77.0,224,8283.75,74.0,18.0,281.0,623.0,281.0,0.0,19.47,0.0,2.0,1056.3,510.0,19.0,5698.0,Defenseman,SK,CAN,False,False,False,L,Y
13,1536639.0,36,74.0,185,9930.980000000001,160.0,97.0,188.0,457.0,188.0,376.12,85.97,2.0,9.0,1240.6499999999999,242.0,-50.0,11840.0,Center,MB,CAN,False,False,False,R,Y
14,2500000.0,33,71.0,215,6342.13,68.0,58.0,279.0,1685.0,279.0,304.79,60.67000000000001,1.0,9.0,904.3399999999999,235.0,6.0,4828.0,Right Wing,ON,CAN,False,False,False,R,Y
15,2500000.0,32,72.0,186,7477.64,90.0,21.0,182.0,459.0,182.0,50.0,27.869999999999997,4.0,0.0,819.71,642.0,26.0,6480.0,Defenseman,AB,CAN,False,False,False,L,Y
16,2500000.0,32,72.0,186,7477.64,90.0,21.0,182.0,459.0,182.0,50.0,27.869999999999997,4.0,0.0,819.71,642.0,26.0,6480.0,Defenseman,AB,CAN,False,False,False,L,Y
17,5000000.0,31,73.0,200,9071.31,241.0,96.0,120.0,243.0,120.0,312.98,77.33000000000001,4.0,2.0,242.8,256.0,-31.0,17593.0,Right Wing,ON,CAN,False,False,False,L,Y
18,4750000.0,31,71.0,187,9335.749999999998,205.0,157.0,122.0,286.0,122.0,281.94,88.52,3.0,1.0,68.01,240.0,-36.0,14555.0,Right Wing,SK,CAN,False,False,False,R,Y
19,1500000.0,32,76.0,220,5131.13,45.0,45.0,589.0,2070.0,589.0,266.18,61.17,0.0,0.0,112.24999999999999,203.0,-9.0,3420.0,Left Wing,ON,CAN,False,False,False,L,Y
20,1135778.0,30,71.0,185,8026.919999999999,149.0,160.0,273.0,712.0,273.0,261.19,90.47999999999999,5.0,1.0,206.68,263.0,-2.0,10579.0,Right Wing,NY,USA,False,False,False,R,Y
21,493116.0,30,74.0,203,6060.5,93.0,79.0,252.0,721.0,252.0,263.63,81.26,1.0,1.0,176.23000000000002,237.0,21.0,6882.0,Right Wing,0,SVK,False,False,False,L,Y
22,4000000.0,30,71.0,195,6335.23,84.0,68.0,215.0,964.0,215.0,354.68,79.25,0.0,9.0,996.9399999999998,378.0,21.0,5964.0,Center,ON,CAN,False,False,False,L,Y
23,5200000.0,29,76.0,212,8839.27,145.0,150.0,205.0,432.0,205.0,326.07,90.94000000000001,6.0,1.0,451.90000000000003,339.0,9.0,11020.0,Center,MN,USA,False,False,False,L,Y
24,1200000.0,28,77.0,220,4196.68,40.0,14.0,219.0,344.0,219.0,0.0,42.53,0.0,1.0,438.51,408.0,12.0,3080.0,Defenseman,MO,USA,False,False,False,R,Y
25,2500000.0,26,75.0,205,4657.849999999999,49.0,12.0,78.0,419.0,78.0,0.0,16.88,0.0,0.0,467.53000000000003,425.0,27.0,3675.0,Defenseman,ON,CAN,False,False,False,L,Y
26,3340000.0,26,74.0,215,4847.42,77.0,31.0,55.0,380.0,55.0,0.0,29.86,2.0,0.0,258.12,385.0,27.0,5698.0,Defenseman,MB,CAN,False,False,False,R,Y
27,1000000.0,27,77.0,235,629.88,7.0,7.0,167.0,188.0,167.0,120.0,42.92,0.0,0.0,0.9,26.0,4.0,539.0,Left Wing,PE,CAN,False,False,False,L,Y
28,700000.0,25,75.0,200,1017.46,10.0,7.0,14.0,92.0,14.0,71.42,15.620000000000001,0.0,0.0,0.25,30.0,-5.0,750.0,Left Wing,ON,CAN,False,False,False,L,Y
29,4000000.0,24,72.0,187,4307.7300000000005,148.0,59.0,126.0,69.0,126.0,171.85999999999999,34.1,2.0,0.0,8.09,130.0,-1.0,10656.0,Center,BC,CAN,False,False,False,R,Y
30,2400000.0,24,71.0,182,4249.89,61.0,66.0,49.0,334.0,49.0,199.62,49.96,2.0,1.0,100.99,126.0,-7.0,4331.0,Left Wing,QC,CAN,False,False,False,L,Y
31,10570000.0,25,70.0,184,357.24,3.0,1.0,6.0,10.0,6.0,0.0,4.17,0.0,0.0,0.07,14.0,-5.0,210.0,Defenseman,0,SWE,False,False,True,L,Y
32,10000000.0,30,75.0,217,8197.189999999999,158.0,155.0,435.0,995.0,435.0,346.07,93.52000000000001,1.0,0.0,10.649999999999999,213.0,69.0,11850.0,Left Wing,MA,USA,True,False,False,L,Y
33,365000.0,31,73.0,210,2396.25,25.0,2.0,122.0,379.0,122.0,100.0,9.26,0.0,0.0,129.54,185.0,-7.0,1825.0,Defenseman,NY,USA,False,False,False,L,Y
34,585298.0,28,69.0,190,353.71999999999997,7.0,3.0,12.0,53.0,12.0,100.88,9.7,0.0,0.0,0.01,26.0,6.0,483.0,Center,MA,USA,False,False,False,R,Y
35,4000000.0,28,73.0,193,7808.300000000001,159.0,95.0,268.0,421.0,268.0,313.94,72.64,2.0,1.0,363.28,154.0,19.0,11607.0,Center,ON,CAN,False,False,False,R,Y
36,5150000.0,28,74.0,208,8908.66,194.0,169.0,147.0,678.0,147.0,346.95000000000005,92.11,5.0,7.0,596.45,303.0,-34.0,14356.0,Center,0,SWE,True,False,False,R,Y
37,850000.0,28,74.0,203,3369.3,47.0,26.0,252.0,442.0,252.0,280.5,34.29,0.0,2.0,369.85,193.0,-3.0,3478.0,Center,ON,CAN,False,False,False,L,Y
38,850000.0,28,74.0,203,3369.3,47.0,26.0,252.0,442.0,252.0,280.5,34.29,0.0,2.0,369.85,193.0,-3.0,3478.0,Center,ON,CAN,False,False,False,L,Y
39,10000000.0,27,75.0,209,10917.8,157.0,49.0,358.0,812.0,358.0,0.0,34.440000000000005,2.0,3.0,1322.76,946.0,25.0,11775.0,Defenseman,MI,USA,True,False,False,R,Y
40,3500000.0,26,75.0,197,3776.63,88.0,59.0,70.0,208.0,70.0,85.75,53.28999999999999,0.0,0.0,5.65,85.0,-5.0,6600.0,Right Wing,0,RUS,False,False,False,L,Y
41,13000000.0,29,71.0,170,7697.91,267.0,148.0,122.0,123.0,122.0,95.0,72.52999999999999,7.0,0.0,9.29,82.0,99.0,18957.0,Left Wing,0,RUS,True,False,False,R,Y
42,700000.0,28,74.0,190,1143.47,9.0,10.0,39.0,147.0,39.0,166.74,22.18,0.0,3.0,181.34,55.0,1.0,666.0,Center,MA,USA,False,False,False,L,Y
43,925000.0,23,71.0,181,1323.18,34.0,8.0,32.0,35.0,32.0,0.0,6.4,0.0,0.0,9.04,92.0,22.0,2414.0,Defenseman,NY,USA,False,False,False,R,Y
44,810200.0,21,77.0,210,0.0,0.0,0.0,0.0,0.0,0.0,0.0,0.0,0.0,0.0,0.0,0.0,0.0,0.0,Defenseman,MN,USA,False,False,True,L,Y
45,688191.0,20,75.0,199,942.24,13.0,10.0,14.0,20.0,14.0,33.33,9.2,1.0,0.0,1.14,11.0,-26.0,975.0,Right Wing,0,FIN,False,False,False,L,Y
46,925000.0,19,74.0,193,0.0,0.0,0.0,0.0,0.0,0.0,0.0,0.0,0.0,0.0,0.0,0.0,0.0,0.0,Left Wing,QC,CAN,False,False,True,L,Y
47,7200000.0,33,71.0,185,11249.55,358.0,166.0,245.0,454.0,245.0,398.40999999999997,75.62,9.0,3.0,545.64,196.0,25.0,25418.0,Center,ON,CAN,False,True,False,R,Y
48,1800000.0,34,74.0,205,10844.72,121.0,23.0,213.0,742.0,213.0,0.0,22.639999999999997,0.0,0.0,1177.4899999999998,933.0,30.0,8954.0,Defenseman,MN,USA,False,False,False,R,Y
49,6250000.0,31,74.0,214,10088.08,338.0,128.0,300.0,212.0,300.0,323.85,60.199999999999996,8.0,0.0,17.97,186.0,-9.0,25012.0,Right Wing,0,CZE,False,False,False,L,Y
50,5300000.0,30,70.0,180,9884.85,170.0,65.0,160.0,369.0,160.0,0.0,50.400000000000006,2.0,3.0,797.2099999999999,742.0,110.0,11900.0,Defenseman,ON,CAN,False,False,False,R,Y
51,7500000.0,29,77.0,216,7206.860000000001,155.0,115.0,134.0,342.0,134.0,267.89,77.55,3.0,10.0,579.9599999999999,159.0,22.0,11935.0,Center,MA,USA,False,False,False,L,Y
52,4750000.0,28,75.0,211,10369.97,221.0,139.0,231.0,382.0,231.0,369.25,79.29,4.0,3.0,1188.5500000000002,270.0,82.0,16575.0,Center,AZ,USA,False,False,False,L,Y
53,2300000.0,27,73.0,190,3988.3100000000004,62.0,44.0,172.0,528.0,172.0,306.18,48.25,0.0,1.0,431.65000000000003,139.0,-11.0,4526.0,Center,ON,CAN,False,False,False,L,Y
54,3250000.0,28,71.0,180,6774.38,148.0,51.0,123.0,183.0,123.0,100.0,32.4,6.0,0.0,26.28,409.0,-29.0,10508.0,Defenseman,FL,USA,False,False,False,L,Y
55,1500000.0,26,74.0,204,3444.07,31.0,11.0,125.0,636.0,125.0,0.0,17.08,0.0,0.0,312.93,340.0,16.0,2294.0,Defenseman,0,SWE,False,False,False,L,Y
56,3250000.0,25,75.0,181,3757.21,51.0,19.0,74.0,113.0,74.0,0.0,17.52,1.0,0.0,192.92000000000002,247.0,-6.0,3825.0,Defenseman,MB,CAN,False,False,False,L,Y
57,2400000.0,24,73.0,191,1976.58,27.0,30.0,32.0,126.0,32.0,70.62,31.35,0.0,0.0,109.64,81.0,-1.0,1971.0,Left Wing,0,SWE,False,False,False,L,Y
58,5000000.0,24,70.0,175,4553.719999999999,102.0,83.0,163.0,317.0,163.0,114.12,52.019999999999996,3.0,0.0,3.6799999999999997,154.0,10.0,7140.0,Right Wing,ON,CAN,False,False,False,R,Y
59,4750000.0,24,73.0,201,7555.639999999999,90.0,43.0,110.0,466.0,110.0,0.0,25.63,1.0,0.0,871.0,595.0,5.0,6570.0,Defenseman,0,RUS,False,False,False,L,Y
60,307810.0,24,73.0,190,0.0,0.0,0.0,0.0,0.0,0.0,0.0,0.0,0.0,0.0,0.0,0.0,0.0,0.0,Center,IL,USA,False,False,True,R,Y
61,925000.0,21,72.0,164,733.29,13.0,8.0,39.0,31.0,39.0,30.0,9.9,0.0,0.0,13.52,18.0,6.0,936.0,Left Wing,NY,USA,False,False,False,L,Y
62,106854.0,23,72.0,190,0.0,0.0,0.0,0.0,0.0,0.0,0.0,0.0,0.0,0.0,0.0,0.0,0.0,0.0,Center,MN,USA,False,False,False,L,Y
63,448266.0,36,75.0,219,8609.08,168.0,154.0,213.0,492.0,213.0,363.58,78.17,10.0,6.0,688.6200000000001,202.0,-2.0,12600.0,Center,ON,CAN,False,False,False,R,Y
64,9600000.0,33,71.0,200,10608.27,374.0,224.0,256.0,471.0,256.0,366.34000000000003,99.83,11.0,0.0,186.04,215.0,69.0,26554.0,Center,NS,CAN,False,True,False,L,Y
65,1200000.0,32,72.0,190,6019.599999999999,81.0,59.0,108.0,539.0,108.0,300.80999999999995,50.989999999999995,0.0,4.0,779.4099999999999,372.0,-6.0,5832.0,Right Wing,AB,CAN,False,False,False,R,Y
66,4100000.0,29,76.0,207,7006.3,71.0,11.0,94.0,488.0,94.0,100.0,37.11,0.0,1.0,684.93,480.0,55.0,5396.0,Defenseman,ME,USA,False,False,False,L,Y
67,4800000.0,29,71.0,192,7107.7699999999995,114.0,134.0,163.0,459.0,163.0,215.42999999999998,90.63,2.0,3.0,211.92,207.0,18.0,8094.0,Left Wing,CA,USA,False,False,False,L,Y
68,3500000.0,29,71.0,192,4796.97,92.0,78.0,104.0,471.0,104.0,144.13,63.699999999999996,4.0,5.0,379.84999999999997,189.0,37.0,6532.0,Right Wing,MI,USA,False,False,False,R,Y
69,700000.0,26,76.0,212,2596.3999999999996,28.0,36.0,59.0,80.0,59.0,207.90999999999997,41.75,0.0,7.0,343.71000000000004,140.0,-13.0,2128.0,Center,ON,CAN,False,False,False,L,Y
70,1250000.0,27,74.0,210,10418.72,93.0,33.0,108.0,690.0,108.0,100.0,28.43,1.0,0.0,1269.0199999999998,843.0,-53.0,6882.0,Defenseman,ON,CAN,False,False,False,R,Y
71,700000.0,31,71.0,191,2618.7999999999997,18.0,7.0,44.0,246.0,44.0,0.0,16.48,0.0,0.0,162.28,143.0,-4.0,1278.0,Defenseman,CA,USA,False,False,False,R,Y
72,5000000.0,26,71.0,180,4377.58,102.0,98.0,92.0,354.0,92.0,178.2,65.94,2.0,1.0,67.85999999999999,130.0,22.0,7242.0,Left Wing,NE,USA,False,False,False,L,Y
73,241360.0,28,72.0,179,756.1800000000001,5.0,3.0,4.0,34.0,4.0,131.26,6.98,0.0,0.0,3.5,31.0,2.0,360.0,Center,QC,CAN,False,False,False,R,Y
74,2860000.0,24,73.0,194,3030.27,49.0,41.0,55.0,238.0,55.0,77.61,44.010000000000005,2.0,5.0,291.64,48.0,6.0,3577.0,Right Wing,0,FIN,False,False,False,R,Y
75,4025175.0,25,75.0,177,3038.7200000000003,46.0,5.0,107.0,225.0,107.0,100.0,11.05,0.0,0.0,168.49,219.0,31.0,3450.0,Defenseman,0,SWE,False,False,False,L,Y
76,700000.0,25,71.0,185,93.64999999999999,1.0,0.0,2.0,9.0,2.0,0.0,0.0,0.0,0.0,0.0,5.0,-1.0,71.0,Defenseman,ON,CAN,False,False,True,R,Y
77,639604.0,26,73.0,195,480.49,7.0,6.0,23.0,95.0,23.0,49.57,10.7,0.0,0.0,30.41,17.0,5.0,511.0,Right Wing,PA,USA,False,False,False,R,Y
78,925000.0,24,73.0,181,1133.35,20.0,6.0,20.0,72.0,20.0,0.0,9.8,0.0,0.0,113.34,77.0,17.0,1460.0,Defenseman,MA,USA,False,False,False,R,Y
79,700000.0,27,71.0,184,2757.21,45.0,27.0,57.0,91.0,57.0,177.09,41.39,0.0,0.0,201.44,83.0,-30.0,3195.0,Center,ON,CAN,False,False,False,R,Y
80,1000000.0,27,72.0,189,1116.6,9.0,3.0,16.0,160.0,16.0,0.0,7.25,0.0,0.0,4.84,62.0,6.0,648.0,Defenseman,0,FIN,False,False,False,L,Y
81,403486.0,25,78.0,220,0.0,0.0,0.0,0.0,0.0,0.0,0.0,0.0,0.0,0.0,0.0,0.0,0.0,0.0,Left Wing,0,CZE,False,False,True,L,Y
82,4375000.0,35,73.0,195,9614.65,237.0,199.0,244.0,377.0,244.0,407.81,84.78,3.0,10.0,973.48,368.0,131.0,17301.0,Center,QC,CAN,False,True,False,R,Y
83,7000000.0,35,72.0,188,8900.66,261.0,116.0,165.0,289.0,165.0,356.62999999999994,92.07000000000001,3.0,1.0,256.90999999999997,284.0,69.0,18792.0,Center,0,CZE,True,False,False,R,Y
84,5000000.0,33,69.0,181,9847.28,290.0,223.0,571.0,399.0,571.0,264.74,111.52999999999999,15.0,19.0,896.3800000000001,184.0,145.0,20010.0,Left Wing,NS,CAN,True,False,False,L,Y
85,2000000.0,31,72.0,206,8199.58,138.0,144.0,214.0,505.0,214.0,273.71999999999997,69.54,2.0,0.0,6.720000000000001,159.0,87.0,9936.0,Center,WI,USA,False,False,False,R,Y
86,8000000.0,29,75.0,213,8802.72,170.0,101.0,183.0,713.0,183.0,324.46000000000004,72.52000000000001,0.0,4.0,302.49,366.0,36.0,12750.0,Center,MA,USA,False,False,False,R,Y
87,1525000.0,30,72.0,197,3778.85,23.0,35.0,171.0,921.0,171.0,296.01,46.39,0.0,3.0,473.01000000000005,172.0,-17.0,1656.0,Right Wing,MA,USA,False,False,False,R,Y
88,1568970.0,29,73.0,206,8835.4,265.0,153.0,254.0,403.0,254.0,304.58,67.81,7.0,1.0,86.64999999999999,261.0,-35.0,19345.0,Left Wing,AB,CAN,False,False,False,L,Y
89,1568970.0,29,73.0,206,8835.4,265.0,153.0,254.0,403.0,254.0,304.58,67.81,7.0,1.0,86.64999999999999,261.0,-35.0,19345.0,Left Wing,AB,CAN,False,False,False,L,Y
90,422380.0,29,78.0,205,1083.63,8.0,1.0,110.0,155.0,110.0,0.0,5.0,0.0,0.0,112.95999999999998,92.0,-13.0,624.0,Defenseman,MD,USA,False,False,False,L,Y
91,1250000.0,33,74.0,210,5959.98,55.0,12.0,261.0,712.0,261.0,0.0,23.34,0.0,0.0,722.44,534.0,80.0,4070.0,Defenseman,CA,USA,False,False,False,R,Y
92,1050000.0,28,74.0,213,2886.36,39.0,20.0,114.0,426.0,114.0,182.39999999999998,16.75,1.0,0.0,293.39,89.0,-2.0,2886.0,Center,OH,USA,False,False,False,L,Y
93,1000000.0,26,71.0,195,783.28,1.0,2.0,27.0,130.0,27.0,0.0,10.0,0.0,0.0,26.17,46.0,9.0,71.0,Defenseman,NJ,USA,False,False,False,R,Y
94,179322.0,26,72.0,193,3349.08,41.0,20.0,68.0,551.0,68.0,296.28999999999996,36.34,0.0,1.0,246.06,155.0,-20.0,2952.0,Center,BC,CAN,False,False,False,R,Y
95,700000.0,24,72.0,195,21.52,0.0,0.0,0.0,3.0,0.0,0.0,0.0,0.0,0.0,0.04,0.0,0.0,0.0,Defenseman,0,CZE,False,False,True,L,Y
96,2500000.0,24,72.0,194,3147.7700000000004,58.0,62.0,51.0,150.0,51.0,98.99,40.3,0.0,0.0,20.9,65.0,14.0,4176.0,Left Wing,AB,CAN,False,False,False,L,Y
97,386176.0,25,70.0,190,446.55,7.0,4.0,15.0,42.0,15.0,125.0,22.2,0.0,0.0,24.46,12.0,8.0,490.0,Center,MN,USA,False,False,False,R,Y
98,6000000.0,33,72.0,220,8332.029999999999,197.0,124.0,247.0,451.0,247.0,334.78999999999996,75.99,4.0,0.0,41.31,198.0,-74.0,14184.0,Right Wing,MN,USA,True,False,False,R,Y
99,2000000.0,30,72.0,196,8171.200000000001,113.0,92.0,207.0,516.0,207.0,350.24,75.91,2.0,10.0,835.2600000000001,299.0,-4.0,8136.0,Center,MB,CAN,False,False,False,L,Y
100,700000.0,33,74.0,189,4990.68,54.0,16.0,140.0,471.0,140.0,0.0,18.25,0.0,0.0,185.01,424.0,10.0,3996.0,Defenseman,BC,CAN,False,False,False,L,Y
101,700000.0,29,74.0,216,7328.66,98.0,66.0,79.0,349.0,79.0,350.90000000000003,68.25999999999999,0.0,3.0,796.12,241.0,-50.0,7252.0,Center,ON,CAN,False,False,False,L,Y
102,10000000.0,29,71.0,197,9053.039999999999,140.0,194.0,194.0,218.0,194.0,303.0,75.01,5.0,0.0,7.260000000000001,124.0,-92.0,9940.0,Left Wing,ON,CAN,False,False,False,L,Y
103,700000.0,28,71.0,189,6619.379999999999,79.0,59.0,50.0,396.0,50.0,173.81,40.34,1.0,5.0,708.8999999999999,229.0,-80.0,5609.0,Left Wing,0,DEU,False,False,False,L,Y
104,3875000.0,28,73.0,199,5363.89,87.0,23.0,213.0,504.0,213.0,100.0,21.38,1.0,0.0,151.08,240.0,-13.0,6351.0,Defenseman,ON,CAN,False,False,False,R,Y
105,5400000.0,26,76.0,221,11850.09,185.0,42.0,255.0,1162.0,255.0,100.0,28.900000000000002,4.0,0.0,1126.31,780.0,-145.0,14060.0,Defenseman,0,FIN,False,False,False,R,Y
106,5200000.0,25,74.0,193,7163.009999999999,146.0,109.0,80.0,172.0,80.0,209.46,64.31,0.0,0.0,14.910000000000002,187.0,-69.0,10804.0,Right Wing,BC,CAN,False,False,False,R,Y
107,313794.0,24,72.0,197,1355.43,20.0,14.0,18.0,71.0,18.0,183.32999999999998,32.49,0.0,0.0,30.55,44.0,6.0,1440.0,Left Wing,WI,USA,False,False,False,L,Y
108,2850000.0,26,71.0,182,1100.49,24.0,22.0,8.0,12.0,8.0,50.0,25.22,1.0,0.0,6.739999999999999,19.0,0.0,1704.0,Left Wing,0,SWE,False,False,False,L,Y
109,1200000.0,23,79.0,219,1283.3899999999999,11.0,10.0,32.0,107.0,32.0,60.0,11.93,0.0,0.0,1.52,18.0,-34.0,869.0,Right Wing,AZ,USA,False,False,False,R,Y
110,174986.0,27,70.0,176,2967.3,35.0,41.0,113.0,460.0,113.0,127.71000000000001,48.63,0.0,2.0,152.44,94.0,-18.0,2450.0,Center,ON,CAN,False,False,False,L,Y
111,670704.0,22,73.0,196,1514.8799999999999,22.0,17.0,14.0,43.0,14.0,133.42999999999998,33.08,0.0,0.0,0.6,26.0,-23.0,1606.0,Center,MN,USA,False,False,False,L,Y
112,925000.0,21,75.0,207,2872.71,71.0,13.0,72.0,169.0,72.0,0.0,9.48,0.0,0.0,18.03,117.0,-20.0,5325.0,Defenseman,0,SWE,False,False,False,L,Y
113,1112066.0,36,76.0,195,10178.11,226.0,168.0,287.0,355.0,287.0,357.92,82.82,1.0,5.0,343.22,226.0,-19.0,17176.0,Center,ON,CAN,False,False,False,L,Y
114,562542.0,36,75.0,206,8198.04,175.0,157.0,444.0,470.0,444.0,168.5,83.9,2.0,0.0,69.94,209.0,27.0,13125.0,Right Wing,ON,CAN,False,False,False,R,Y
115,562542.0,36,75.0,206,8198.04,175.0,157.0,444.0,470.0,444.0,168.5,83.9,2.0,0.0,69.94,209.0,27.0,13125.0,Right Wing,ON,CAN,False,False,False,R,Y
116,4200000.0,30,70.0,173,8710.16,178.0,161.0,212.0,560.0,212.0,261.5,91.47,2.0,0.0,9.39,163.0,21.0,12460.0,Left Wing,0,SVK,False,False,False,L,Y
117,215298.0,29,75.0,195,6551.34,49.0,12.0,195.0,330.0,195.0,0.0,27.009999999999998,1.0,1.0,435.9299999999999,437.0,-9.0,3675.0,Defenseman,OK,USA,False,False,False,L,Y
118,2400000.0,28,75.0,212,4294.04,56.0,55.0,96.0,476.0,96.0,143.10999999999999,46.08,0.0,9.0,392.58000000000004,135.0,-1.0,4200.0,Right Wing,0,FIN,False,False,False,R,Y
119,3250000.0,28,73.0,200,5586.27,125.0,50.0,154.0,397.0,154.0,292.08,42.82999999999999,1.0,1.0,601.8299999999999,215.0,35.0,9125.0,Center,QC,CAN,False,False,False,L,Y
120,672412.0,29,72.0,197,4411.73,91.0,28.0,71.0,245.0,71.0,0.0,23.470000000000002,2.0,0.0,24.45,255.0,-3.0,6552.0,Defenseman,0,SWE,False,False,False,L,Y
121,2400000.0,26,71.0,178,4454.5,53.0,54.0,84.0,383.0,84.0,159.12,34.260000000000005,0.0,3.0,488.18000000000006,125.0,0.0,3763.0,Left Wing,0,FIN,False,False,False,L,Y
122,3000000.0,33,76.0,199,7891.52,120.0,121.0,114.0,181.0,114.0,324.57,102.15,4.0,7.0,635.67,246.0,-25.0,9120.0,Center,0,RUS,False,False,False,L,Y
123,2534496.0,29,72.0,190,5008.75,93.0,74.0,135.0,275.0,135.0,194.92999999999998,65.88,2.0,1.0,22.18,107.0,-12.0,6696.0,Left Wing,IL,USA,False,False,False,L,Y
124,2800000.0,27,73.0,204,6647.85,128.0,61.0,86.0,185.0,86.0,291.22999999999996,64.98,1.0,8.0,698.4,236.0,-41.0,9344.0,Center,ON,CAN,False,False,False,L,Y
125,2800000.0,27,72.0,185,5222.73,83.0,59.0,68.0,148.0,68.0,145.66000000000003,53.85000000000001,0.0,2.0,662.0999999999999,148.0,6.0,5976.0,Right Wing,ON,CAN,False,False,False,R,Y
126,241360.0,25,73.0,204,1668.07,21.0,16.0,24.0,55.0,24.0,134.89,36.61,0.0,0.0,10.680000000000001,44.0,-14.0,1533.0,Center,ON,CAN,False,False,False,R,Y
127,4000000.0,24,73.0,197,2415.52,47.0,23.0,71.0,82.0,71.0,161.5,28.11,1.0,0.0,16.83,81.0,-35.0,3431.0,Center,MA,USA,False,False,False,R,Y
128,7000000.0,24,74.0,190,4656.49,90.0,29.0,88.0,195.0,88.0,0.0,20.34,1.0,1.0,67.91999999999999,261.0,-44.0,6660.0,Defenseman,QC,CAN,False,False,False,L,Y
129,164736.0,23,69.0,184,2840.33,27.0,4.0,30.0,42.0,30.0,0.0,7.0,0.0,0.0,100.02000000000001,226.0,27.0,1863.0,Defenseman,ON,CAN,False,False,False,L,Y
130,4500000.0,29,74.0,199,6081.09,62.0,13.0,109.0,536.0,109.0,0.0,18.86,0.0,0.0,722.06,542.0,-20.0,4588.0,Defenseman,0,RUS,False,False,False,R,Y
131,925000.0,22,73.0,201,53.45,0.0,0.0,0.0,3.0,0.0,61.22,0.0,0.0,0.0,0.0,2.0,2.0,0.0,Center,MI,USA,False,False,True,L,Y
132,925000.0,21,76.0,211,2481.66,46.0,43.0,181.0,477.0,181.0,95.14,18.38,2.0,0.0,6.460000000000001,69.0,-24.0,3496.0,Left Wing,AZ,USA,False,False,False,L,Y
133,279102.0,20,74.0,192,0.0,0.0,0.0,0.0,0.0,0.0,0.0,0.0,0.0,0.0,0.0,0.0,0.0,0.0,Center,NY,USA,False,False,True,R,Y
134,1110000.0,19,73.0,187,0.0,0.0,0.0,0.0,0.0,0.0,0.0,0.0,0.0,0.0,0.0,0.0,0.0,0.0,Left Wing,0,DEU,False,False,True,L,Y
135,566182.0,25,74.0,203,0.0,0.0,0.0,0.0,0.0,0.0,0.0,0.0,0.0,0.0,0.0,0.0,0.0,0.0,Defenseman,0,RUS,False,False,True,R,Y
136,700000.0,42,76.0,220,9003.330000000002,302.0,89.0,259.0,262.0,259.0,372.17,89.88000000000001,1.0,0.0,63.87,182.0,28.0,22952.0,Center,ON,CAN,False,False,False,L,Y
137,1280178.0,33,72.0,211,9146.66,170.0,129.0,410.0,1281.0,410.0,339.19000000000005,85.96,2.0,0.0,456.73,351.0,13.0,12240.0,Left Wing,NY,USA,False,False,False,L,Y
138,12000000.0,30,73.0,215,10509.850000000002,287.0,233.0,246.0,285.0,246.0,368.59000000000003,94.44000000000001,11.0,3.0,233.94,223.0,9.0,20951.0,Center,ON,CAN,False,True,False,L,Y
139,2000000.0,29,76.0,210,1429.98,17.0,4.0,45.0,100.0,45.0,0.0,102.2,0.0,0.0,136.66,91.0,13.0,1292.0,Defenseman,MN,USA,False,False,False,R,Y
140,2500000.0,29,73.0,211,5242.76,81.0,71.0,173.0,411.0,173.0,205.52999999999997,61.739999999999995,0.0,7.0,726.91,168.0,53.0,5913.0,Left Wing,ON,CAN,True,False,False,R,Y
141,742264.0,27,73.0,194,7743.13,167.0,126.0,181.0,385.0,181.0,312.88,85.53999999999999,7.0,0.0,13.16,225.0,-72.0,12191.0,Center,WI,USA,False,False,False,L,Y
142,5000000.0,27,73.0,219,11197.87,216.0,54.0,127.0,445.0,127.0,0.0,31.060000000000002,4.0,1.0,711.76,702.0,-40.0,15768.0,Defenseman,BC,CAN,True,False,False,L,Y
143,212940.0,28,74.0,206,6797.56,71.0,15.0,125.0,234.0,125.0,0.0,12.7,1.0,0.0,453.11,452.0,-70.0,5254.0,Defenseman,ON,CAN,False,False,False,L,Y
144,3600000.0,26,70.0,185,3182.04,70.0,43.0,98.0,112.0,98.0,145.01999999999998,46.59,0.0,0.0,21.87,105.0,-18.0,4900.0,Center,BC,CAN,False,False,False,L,Y
145,6000000.0,25,72.0,196,5100.15,135.0,86.0,74.0,76.0,74.0,245.84,56.629999999999995,3.0,0.0,4.9,67.0,12.0,9720.0,Right Wing,AB,CAN,False,False,False,R,Y
146,2500000.0,25,73.0,185,4240.76,71.0,52.0,114.0,282.0,114.0,204.87,39.019999999999996,2.0,4.0,163.76000000000002,135.0,9.0,5183.0,Left Wing,ON,CAN,False,False,False,L,Y
147,1250000.0,25,77.0,214,572.49,7.0,8.0,6.0,29.0,6.0,39.04,11.1,0.0,1.0,62.22,10.0,4.0,539.0,Left Wing,0,SWE,False,False,False,L,Y
148,15000000.0,24,72.0,175,5534.39,208.0,83.0,102.0,125.0,102.0,181.01,43.699999999999996,1.0,1.0,253.95,144.0,27.0,14976.0,Right Wing,ON,CAN,True,False,False,R,Y
149,15910000.0,23,75.0,220,5297.98,127.0,158.0,46.0,105.0,46.0,208.45999999999998,63.459999999999994,5.0,0.0,6.94,242.0,37.0,9525.0,Center,CA,USA,True,False,False,L,Y
150,1100000.0,26,75.0,195,607.28,15.0,8.0,4.0,26.0,4.0,75.0,8.2,0.0,1.0,75.03,13.0,7.0,1125.0,Right Wing,0,RUS,False,False,False,L,Y
151,3900000.0,31,74.0,203,11031.82,193.0,42.0,197.0,528.0,197.0,100.0,36.39,4.0,1.0,160.71,529.0,-13.0,14282.0,Defenseman,MN,USA,False,False,False,L,Y
152,24136.0,30,74.0,209,599.5999999999999,7.0,6.0,14.0,55.0,14.0,184.01000000000002,29.43,0.0,1.0,64.15,13.0,-9.0,518.0,Center,CO,USA,False,False,False,R,Y
153,4250000.0,28,74.0,218,8082.45,152.0,135.0,269.0,783.0,269.0,221.9,87.54999999999998,2.0,1.0,45.85,153.0,47.0,11248.0,Right Wing,0,CHE,False,False,False,L,Y
154,168116.0,29,77.0,218,90.36,0.0,1.0,2.0,15.0,2.0,0.0,25.0,0.0,0.0,6.33,7.0,1.0,0.0,Defenseman,0,FIN,False,False,False,R,Y
155,1000000.0,29,73.0,191,6165.889999999999,92.0,55.0,116.0,705.0,116.0,181.74,76.13,0.0,2.0,770.6800000000001,278.0,12.0,6716.0,Right Wing,0,SWE,False,False,False,R,Y
156,211190.0,29,71.0,188,611.6099999999999,4.0,6.0,78.0,136.0,78.0,156.66,22.83,0.0,0.0,14.149999999999999,26.0,-18.0,284.0,Left Wing,WI,USA,False,False,False,L,Y
157,3500000.0,28,70.0,183,8004.719999999999,172.0,112.0,274.0,779.0,274.0,354.0400000000001,70.33,2.0,7.0,538.0100000000001,256.0,-26.0,12040.0,Center,PA,USA,False,False,False,R,Y
158,6000000.0,28,78.0,229,10445.899999999998,192.0,91.0,341.0,620.0,341.0,33.33,45.09,5.0,0.0,405.72,540.0,48.0,14976.0,Defenseman,ON,CAN,False,False,False,R,Y
159,4200000.0,27,75.0,210,6287.45,88.0,25.0,174.0,566.0,174.0,100.0,18.7,1.0,1.0,509.65999999999997,414.0,-29.0,6600.0,Defenseman,MN,USA,False,False,False,L,Y
160,4250000.0,26,71.0,191,7147.04,198.0,91.0,72.0,142.0,72.0,307.47,57.7,2.0,2.0,256.06,153.0,54.0,14058.0,Left Wing,0,FIN,False,False,False,L,Y
161,2150000.0,28,72.0,196,5359.21,60.0,43.0,163.0,515.0,163.0,330.87,38.480000000000004,0.0,3.0,725.19,221.0,-45.0,4320.0,Left Wing,MB,CAN,True,False,False,L,Y
162,2300000.0,27,72.0,187,4148.14,50.0,43.0,75.0,473.0,75.0,152.02,47.150000000000006,0.0,4.0,494.28999999999996,111.0,-31.0,3600.0,Left Wing,ON,CAN,False,False,False,L,Y
163,3900000.0,27,75.0,207,8576.2,122.0,29.0,58.0,236.0,58.0,0.0,22.200000000000003,2.0,2.0,1008.0699999999999,674.0,55.0,9150.0,Defenseman,CO,USA,True,False,False,L,Y
164,1194832.0,27,72.0,204,4609.08,38.0,47.0,345.0,966.0,345.0,349.1,62.81999999999999,0.0,6.0,605.06,281.0,-2.0,2736.0,Center,QC,CAN,False,False,False,L,Y
165,24136.0,28,71.0,185,2270.3999999999996,20.0,4.0,33.0,100.0,33.0,0.0,5.699999999999999,0.0,0.0,86.85,183.0,2.0,1420.0,Defenseman,NJ,USA,False,False,False,L,Y
166,2150000.0,25,74.0,198,1917.67,23.0,25.0,54.0,195.0,54.0,94.97,52.86,0.0,3.0,177.5,37.0,-5.0,1702.0,Left Wing,ON,CAN,False,False,False,L,Y
167,10570000.0,23,72.0,176,5746.389999999999,142.0,121.0,102.0,236.0,102.0,188.49,56.46,4.0,9.0,233.7,85.0,38.0,10224.0,Center,0,FIN,False,False,False,L,Y
168,482720.0,25,76.0,206,0.0,0.0,0.0,0.0,0.0,0.0,0.0,0.0,0.0,0.0,0.0,0.0,0.0,0.0,Center,ON,CAN,False,False,True,L,Y
169,832500.0,21,74.0,195,2339.13,54.0,44.0,116.0,239.0,116.0,14.28,23.68,2.0,0.0,2.13,53.0,9.0,3996.0,Right Wing,0,RUS,False,False,False,L,Y
170,6000000.0,25,76.0,215,10311.31,141.0,71.0,275.0,501.0,275.0,0.0,38.83,4.0,1.0,655.0100000000001,494.0,29.0,10716.0,Defenseman,ON,CAN,True,False,False,R,I
171,5300000.0,34,71.0,189,8016.609999999998,163.0,154.0,250.0,945.0,250.0,250.14999999999998,69.19,1.0,0.0,10.31,322.0,52.0,11573.0,Right Wing,0,SWE,True,False,False,R,Y
172,2500000.0,31,72.0,208,8350.439999999999,91.0,24.0,581.0,1561.0,581.0,0.0,20.99,1.0,0.0,985.35,813.0,23.0,6552.0,Defenseman,0,CZE,False,False,False,R,Y
173,5300000.0,28,73.0,202,8752.7,272.0,134.0,233.0,361.0,233.0,303.98,81.94,2.0,1.0,77.05999999999999,203.0,9.0,19856.0,Left Wing,QC,CAN,True,False,False,L,Y
174,1000000.0,29,69.0,163,969.45,31.0,13.0,12.0,12.0,12.0,33.33,8.2,0.0,0.0,0.1,7.0,-15.0,2139.0,Left Wing,0,RUS,False,False,False,R,Y
175,2000000.0,27,72.0,200,2917.06,28.0,13.0,133.0,315.0,133.0,100.0,17.61,0.0,0.0,180.94,244.0,8.0,2016.0,Defenseman,ON,CAN,False,False,False,R,Y
176,900000.0,25,74.0,180,486.48,4.0,9.0,8.0,29.0,8.0,45.16,15.8,0.0,0.0,1.19,8.0,-9.0,296.0,Center,ON,CAN,False,False,False,L,Y
177,4750000.0,25,75.0,215,9528.24,252.0,155.0,84.0,212.0,84.0,352.15,92.50999999999999,4.0,6.0,616.4,294.0,32.0,18900.0,Center,0,FIN,False,True,False,L,Y
178,571558.0,25,73.0,195,5169.9400000000005,65.0,63.0,300.0,599.0,300.0,270.5,52.00999999999999,0.0,0.0,167.54,152.0,-53.0,4745.0,Center,ON,CAN,False,False,False,L,Y
179,571558.0,25,73.0,195,5169.9400000000005,65.0,63.0,300.0,599.0,300.0,270.5,52.00999999999999,0.0,0.0,167.54,152.0,-53.0,4745.0,Center,ON,CAN,False,False,False,L,Y
180,929320.0,27,72.0,194,4999.54,67.0,24.0,140.0,276.0,140.0,0.0,19.849999999999998,0.0,1.0,302.13,281.0,20.0,4824.0,Defenseman,ON,CAN,False,False,False,R,Y
181,725000.0,25,74.0,191,437.16,6.0,0.0,6.0,45.0,6.0,42.77,0.0,0.0,0.0,69.03,21.0,-7.0,444.0,Center,0,FIN,False,False,False,L,Y
182,2500000.0,27,71.0,197,3723.94,47.0,65.0,130.0,404.0,130.0,150.67000000000002,47.86,1.0,2.0,90.11,171.0,-21.0,3337.0,Center,MA,USA,False,False,False,L,Y
183,700000.0,24,74.0,201,805.69,6.0,2.0,10.0,118.0,10.0,0.0,7.58,0.0,0.0,98.37,73.0,6.0,444.0,Defenseman,BC,CAN,False,False,False,R,Y
184,1500000.0,29,70.0,209,3250.5699999999997,20.0,38.0,101.0,626.0,101.0,224.79999999999998,48.04,0.0,2.0,391.44,189.0,-8.0,1400.0,Center,RI,USA,False,False,False,R,Y
185,2500000.0,27,73.0,187,3852.74,43.0,17.0,30.0,193.0,30.0,0.0,23.339999999999996,0.0,0.0,18.139999999999997,172.0,25.0,3139.0,Defenseman,0,FIN,False,False,False,L,Y
186,633570.0,26,69.0,187,71.01,1.0,0.0,32.0,23.0,32.0,0.0,0.0,0.0,0.0,0.0,1.0,0.0,69.0,Left Wing,ON,CAN,False,False,True,L,Y
187,185801.0,21,71.0,186,0.0,0.0,0.0,0.0,0.0,0.0,0.0,0.0,0.0,0.0,0.0,0.0,0.0,0.0,Left Wing,0,RUS,False,False,True,R,Y
188,303690.0,23,72.0,181,0.0,0.0,0.0,0.0,0.0,0.0,0.0,0.0,0.0,0.0,0.0,0.0,0.0,0.0,Defenseman,MN,USA,False,False,False,L,Y
189,5460000.0,32,73.0,215,11375.199999999999,188.0,51.0,194.0,548.0,194.0,100.0,38.27,1.0,4.0,1384.2099999999998,993.0,133.0,13724.0,Defenseman,MN,USA,False,False,False,L,Y
190,3750000.0,30,68.0,185,8888.83,183.0,150.0,166.0,371.0,166.0,345.06,92.03,5.0,8.0,642.2300000000001,229.0,82.0,12444.0,Center,WA,USA,False,False,False,R,Y
191,8000000.0,30,78.0,241,11927.359999999997,295.0,89.0,315.0,563.0,315.0,50.0,53.11000000000001,5.0,0.0,1124.35,780.0,124.0,23010.0,Defenseman,0,SWE,False,False,False,L,Y
192,3445000.0,30,72.0,194,8332.77,216.0,108.0,151.0,848.0,151.0,161.22,81.00999999999999,2.0,7.0,643.1600000000001,362.0,126.0,15552.0,Left Wing,0,CZE,False,False,False,L,Y
193,1800000.0,29,71.0,207,3862.23,38.0,57.0,204.0,683.0,204.0,162.53,33.18,0.0,9.0,578.27,162.0,-19.0,2698.0,Center,TX,USA,False,False,False,L,Y
194,6000000.0,25,70.0,183,5514.74,146.0,116.0,77.0,120.0,77.0,194.07,68.67,6.0,3.0,192.73999999999998,161.0,77.0,10220.0,Center,AB,CAN,False,False,False,R,Y
195,200000.0,25,73.0,187,0.0,0.0,0.0,0.0,0.0,0.0,0.0,0.0,0.0,0.0,0.0,0.0,0.0,0.0,Defenseman,AB,CAN,False,False,True,R,Y
196,6034.0,27,73.0,175,0.0,0.0,0.0,0.0,0.0,0.0,0.0,0.0,0.0,0.0,0.0,0.0,0.0,0.0,Left Wing,QC,CAN,False,False,False,L,Y
197,1475000.0,24,75.0,230,2385.73,18.0,10.0,117.0,370.0,117.0,0.0,8.67,0.0,0.0,334.74,176.0,36.0,1350.0,Defenseman,0,SVK,False,False,False,R,Y
198,700000.0,24,73.0,190,1221.24,16.0,17.0,42.0,176.0,42.0,57.980000000000004,25.08,0.0,0.0,76.6,24.0,3.0,1168.0,Right Wing,QC,CAN,False,False,False,L,Y
199,700000.0,24,71.0,190,409.5,3.0,3.0,10.0,36.0,10.0,52.52,7.0,0.0,0.0,40.3,9.0,-9.0,213.0,Center,ON,CAN,False,False,False,R,Y
200,2400000.0,24,72.0,191,2709.84,54.0,40.0,70.0,200.0,70.0,145.12,48.879999999999995,2.0,6.0,439.15999999999997,102.0,64.0,3888.0,Center,ON,CAN,False,False,False,L,Y
201,2400000.0,23,75.0,216,4031.16,81.0,25.0,124.0,303.0,124.0,50.0,19.57,0.0,1.0,98.57000000000001,259.0,39.0,6075.0,Defenseman,0,RUS,False,False,False,L,Y
202,125000.0,24,72.0,191,0.0,0.0,0.0,0.0,0.0,0.0,0.0,0.0,0.0,0.0,0.0,0.0,0.0,0.0,Center,NJ,USA,False,False,True,L,Y
203,900000.0,30,75.0,204,2186.38,26.0,9.0,54.0,67.0,54.0,0.0,15.509999999999998,0.0,0.0,221.81,115.0,9.0,1950.0,Defenseman,0,CZE,False,False,False,R,Y
204,795000.0,44,81.0,250,11452.26,117.0,61.0,415.0,852.0,415.0,100.0,44.67999999999999,0.0,2.0,1656.8999999999999,773.0,125.0,9477.0,Defenseman,0,SVK,False,False,False,L,Y
205,10000000.0,35,75.0,238,11109.77,208.0,335.0,311.0,1450.0,311.0,264.15999999999997,94.02000000000001,11.0,0.0,7.93,209.0,0.0,15600.0,Left Wing,0,RUS,False,True,False,R,Y
206,4500000.0,34,71.0,196,9495.160000000002,204.0,168.0,256.0,752.0,256.0,305.32000000000005,113.83,4.0,4.0,523.71,372.0,91.0,14484.0,Right Wing,WA,USA,False,False,False,R,Y
207,12000000.0,33,73.0,206,10591.02,378.0,134.0,258.0,397.0,258.0,353.03000000000003,85.49,5.0,1.0,443.14,315.0,25.0,27594.0,Center,0,SWE,True,False,False,L,Y
208,2700000.0,32,71.0,185,7543.630000000001,127.0,77.0,212.0,499.0,212.0,239.63,52.03,1.0,3.0,1037.3700000000001,201.0,71.0,9017.0,Left Wing,0,SWE,False,False,False,L,Y
209,2500000.0,32,74.0,208,8505.46,118.0,99.0,297.0,587.0,297.0,352.67999999999995,67.66999999999999,3.0,5.0,995.17,321.0,-23.0,8732.0,Center,0,DNK,False,False,False,L,Y
210,8000000.0,31,75.0,215,12600.47,299.0,82.0,166.0,398.0,166.0,0.0,43.74,2.0,1.0,1410.1299999999999,1036.0,64.0,22425.0,Defenseman,MA,USA,True,False,False,R,Y
211,3000000.0,31,74.0,186,9052.349999999999,145.0,42.0,102.0,271.0,102.0,100.0,39.11,1.0,0.0,174.04999999999998,593.0,-18.0,10730.0,Defenseman,BC,CAN,False,False,False,R,Y
212,4500000.0,29,71.0,211,9174.21,126.0,34.0,187.0,689.0,187.0,0.0,33.54,1.0,0.0,386.06,518.0,55.0,8946.0,Defenseman,0,RUS,False,False,False,L,Y
213,2000000.0,30,73.0,205,4986.59,50.0,6.0,73.0,267.0,73.0,0.0,8.91,0.0,0.0,585.5,320.0,-10.0,3650.0,Defenseman,MN,USA,False,False,False,R,Y
214,750000.0,31,73.0,192,2779.04,39.0,24.0,103.0,446.0,103.0,253.37,44.09,1.0,3.0,314.31000000000006,128.0,-3.0,2847.0,Center,AL,USA,False,False,False,R,Y
215,3000000.0,30,76.0,220,10053.830000000002,87.0,19.0,509.0,1243.0,509.0,0.0,21.66,0.0,4.0,791.9,717.0,12.0,6612.0,Defenseman,BC,CAN,False,False,False,L,Y
216,5000000.0,29,73.0,205,8151.610000000001,269.0,120.0,246.0,311.0,246.0,281.11,83.86,7.0,2.0,27.92,126.0,61.0,19637.0,Center,0,RUS,False,False,False,L,Y
217,313794.0,32,72.0,200,6184.900000000001,74.0,78.0,186.0,770.0,186.0,322.02,81.99999999999999,0.0,3.0,403.42,250.0,16.0,5328.0,Left Wing,0,AUT,False,False,False,L,Y
218,941382.0,26,77.0,234,4460.86,89.0,84.0,171.0,257.0,171.0,164.24,60.85000000000001,3.0,0.0,4.2,120.0,-12.0,6853.0,Right Wing,QC,CAN,False,False,False,L,Y
219,735000.0,29,69.0,178,4468.429999999999,78.0,72.0,62.0,130.0,62.0,129.74,60.67,3.0,0.0,5.029999999999999,114.0,2.0,5382.0,Left Wing,MA,USA,False,False,False,L,Y
220,1300000.0,29,74.0,212,2596.98,31.0,25.0,298.0,649.0,298.0,165.32,36.019999999999996,0.0,3.0,289.85,145.0,22.0,2294.0,Right Wing,ME,USA,False,False,False,R,Y
221,700000.0,24,72.0,200,1134.08,11.0,19.0,10.0,62.0,10.0,78.57,34.89,1.0,0.0,1.27,24.0,-17.0,792.0,Right Wing,0,NLD,False,False,False,R,Y
222,7000000.0,32,70.0,177,10961.28,358.0,240.0,188.0,166.0,188.0,212.01,89.34,8.0,0.0,24.199999999999996,116.0,35.0,25060.0,Right Wing,NY,USA,True,False,False,L,Y
223,4100000.0,30,73.0,195,7985.4,87.0,14.0,148.0,846.0,148.0,0.0,17.24,0.0,1.0,815.65,866.0,36.0,6351.0,Defenseman,ON,CAN,False,False,False,L,Y
224,905160.0,29,75.0,198,5345.439999999999,79.0,93.0,192.0,506.0,192.0,273.14,105.2,0.0,0.0,6.150000000000001,128.0,21.0,5925.0,Right Wing,BC,CAN,False,False,False,R,Y
225,3200000.0,28,76.0,212,8331.21,70.0,25.0,246.0,942.0,246.0,0.0,29.380000000000003,1.0,1.0,841.12,768.0,-19.0,5320.0,Defenseman,OH,USA,True,False,False,R,Y
226,3400000.0,25,74.0,179,977.28,16.0,30.0,16.0,79.0,16.0,31.57,19.1,0.0,0.0,1.41,17.0,2.0,1184.0,Left Wing,0,CZE,False,False,False,L,Y
227,3200000.0,26,78.0,235,6459.929999999999,53.0,22.0,383.0,1046.0,383.0,100.0,51.42,1.0,0.0,553.27,400.0,-10.0,4134.0,Defenseman,0,RUS,False,False,False,L,Y
228,1000000.0,30,72.0,200,2605.06,33.0,19.0,51.0,335.0,51.0,191.3,29.290000000000003,0.0,3.0,329.68,84.0,-6.0,2376.0,Center,FL,USA,False,False,False,R,Y
229,1000000.0,30,72.0,200,2605.06,33.0,19.0,51.0,335.0,51.0,191.3,29.290000000000003,0.0,3.0,329.68,84.0,-6.0,2376.0,Center,FL,USA,False,False,False,R,Y
230,2400000.0,24,75.0,200,2551.33,69.0,36.0,44.0,46.0,44.0,179.3,39.519999999999996,0.0,0.0,4.2700000000000005,89.0,-8.0,5175.0,Center,ON,CAN,False,False,False,L,Y
231,800000.0,24,73.0,194,943.69,10.0,5.0,16.0,53.0,16.0,0.0,15.26,0.0,0.0,20.58,64.0,-10.0,730.0,Defenseman,TX,USA,False,False,False,L,Y
232,695368.0,22,71.0,173,0.0,0.0,0.0,0.0,0.0,0.0,0.0,0.0,0.0,0.0,0.0,0.0,0.0,0.0,Defenseman,AB,CAN,False,False,True,R,Y
233,1000000.0,26,74.0,188,2421.47,30.0,16.0,34.0,120.0,34.0,150.66,23.159999999999997,0.0,1.0,335.49,79.0,-26.0,2220.0,Center,0,CZE,False,False,False,L,Y
234,171447.0,24,73.0,180,0.0,0.0,0.0,0.0,0.0,0.0,0.0,0.0,0.0,0.0,0.0,0.0,0.0,0.0,Defenseman,MB,CAN,False,False,True,L,Y
235,925000.0,25,71.0,176,0.0,0.0,0.0,0.0,0.0,0.0,0.0,0.0,0.0,0.0,0.0,0.0,0.0,0.0,Center,0,CHE,False,False,True,L,Y
236,832500.0,20,76.0,197,913.0,15.0,8.0,24.0,33.0,24.0,33.78,7.9,0.0,0.0,2.16,23.0,-1.0,1140.0,Center,AB,CAN,False,False,False,R,Y
237,273486.0,22,74.0,205,0.0,0.0,0.0,0.0,0.0,0.0,0.0,0.0,0.0,0.0,0.0,0.0,0.0,0.0,Left Wing,MA,USA,False,False,True,L,Y
238,3000000.0,37,72.0,189,9344.24,173.0,91.0,176.0,179.0,176.0,349.67,99.56,1.0,3.0,798.98,246.0,-46.0,12456.0,Center,0,FIN,False,False,False,L,Y
239,5000000.0,37,73.0,186,8821.509999999998,165.0,106.0,86.0,358.0,86.0,342.54,70.4,0.0,10.0,993.4899999999999,414.0,-40.0,12045.0,Center,0,DNK,True,False,False,L,Y
240,4200000.0,34,76.0,209,9849.810000000001,72.0,19.0,202.0,575.0,202.0,175.0,25.12,0.0,0.0,1210.36,715.0,35.0,5472.0,Defenseman,ON,CAN,False,False,False,L,Y
241,3000000.0,34,72.0,192,6742.67,83.0,77.0,174.0,660.0,174.0,346.22,64.44,1.0,8.0,804.79,173.0,-13.0,5976.0,Left Wing,MB,CAN,False,False,False,L,Y
242,467666.0,33,70.0,199,3628.17,35.0,4.0,118.0,597.0,118.0,0.0,17.759999999999998,0.0,0.0,224.92999999999998,215.0,-23.0,2450.0,Defenseman,QC,CAN,False,False,False,R,Y
243,850000.0,31,71.0,200,6617.37,128.0,73.0,177.0,232.0,177.0,318.05,57.120000000000005,2.0,0.0,37.57,129.0,-77.0,9088.0,Center,ON,CAN,False,False,False,R,Y
244,6500000.0,30,72.0,207,11429.45,193.0,50.0,113.0,519.0,113.0,0.0,40.370000000000005,1.0,0.0,291.37,596.0,-27.0,13896.0,Defenseman,MN,USA,False,False,False,L,Y
245,1500000.0,28,72.0,183,6370.2300000000005,106.0,83.0,227.0,492.0,227.0,312.96,82.27999999999999,2.0,6.0,290.43,231.0,7.0,7632.0,Center,0,RUS,False,False,False,L,Y
246,1500000.0,32,71.0,191,7184.969999999999,60.0,51.0,174.0,1014.0,174.0,378.81999999999994,56.62999999999999,0.0,4.0,1407.3000000000002,497.0,-50.0,4260.0,Center,MI,USA,True,False,False,R,Y
247,1000000.0,26,72.0,180,1704.62,22.0,5.0,14.0,42.0,14.0,0.0,15.73,0.0,0.0,18.47,95.0,25.0,1584.0,Defenseman,0,SWE,False,False,False,L,Y
248,997500.0,26,73.0,212,1885.8199999999997,17.0,15.0,90.0,409.0,90.0,170.92,31.04,0.0,0.0,21.769999999999996,72.0,-24.0,1241.0,Left Wing,CT,USA,False,False,False,L,Y
249,672412.0,25,72.0,197,3323.12,67.0,65.0,59.0,113.0,59.0,146.54,47.46,1.0,0.0,1.7,71.0,27.0,4824.0,Left Wing,0,CZE,False,False,False,L,Y
250,4750000.0,24,73.0,198,7410.969999999999,159.0,107.0,246.0,340.0,246.0,243.21000000000004,46.51,4.0,5.0,350.38,172.0,-53.0,11607.0,Center,MI,USA,False,True,False,L,Y
251,1200000.0,27,70.0,186,5309.3099999999995,64.0,11.0,124.0,322.0,124.0,0.0,11.16,0.0,1.0,256.78000000000003,307.0,-4.0,4480.0,Defenseman,BC,CAN,False,False,False,R,Y
252,451350.0,26,72.0,183,0.0,0.0,0.0,0.0,0.0,0.0,0.0,0.0,0.0,0.0,0.0,0.0,0.0,0.0,Left Wing,0,SWE,False,False,False,L,Y
253,1000000.0,36,72.0,190,6245.15,74.0,63.0,221.0,409.0,221.0,370.84999999999997,80.06,1.0,9.0,884.06,283.0,-9.0,5328.0,Right Wing,ON,CAN,False,False,False,L,Y
254,11750000.0,31,73.0,201,13592.630000000001,280.0,99.0,212.0,383.0,212.0,0.0,45.0,3.0,1.0,1343.9499999999998,1035.0,72.0,20440.0,Defenseman,0,CHE,False,True,False,L,Y
255,8000000.0,30,71.0,195,9649.220000000001,233.0,163.0,121.0,307.0,121.0,387.29,88.82,3.0,1.0,153.38,307.0,-60.0,16543.0,Center,ON,CAN,False,False,False,L,Y
256,3000000.0,31,76.0,215,11513.4,151.0,45.0,265.0,419.0,265.0,0.0,37.470000000000006,3.0,3.0,1132.9,695.0,73.0,11476.0,Defenseman,0,SWE,True,False,False,L,Y
257,1750000.0,30,72.0,193,5630.68,90.0,85.0,182.0,273.0,182.0,354.68,80.91,0.0,3.0,492.96000000000004,215.0,19.0,6480.0,Left Wing,0,FIN,False,False,False,L,Y
258,8000000.0,28,75.0,218,10184.350000000002,279.0,130.0,369.0,611.0,369.0,373.75,79.27000000000001,3.0,5.0,502.95,222.0,19.0,20925.0,Center,BC,CAN,True,False,False,R,Y
259,3750000.0,29,70.0,185,9334.339999999998,235.0,109.0,144.0,356.0,144.0,346.75,71.03999999999999,4.0,8.0,472.32000000000005,338.0,26.0,16450.0,Center,0,FIN,False,False,False,L,Y
260,1000000.0,27,71.0,183,4091.17,57.0,41.0,138.0,435.0,138.0,263.4,44.33,1.0,0.0,5.12,167.0,-15.0,4047.0,Center,ON,CAN,False,False,False,L,Y
261,2000000.0,28,66.0,180,1791.58,34.0,20.0,28.0,83.0,28.0,160.16,44.56,0.0,0.0,1.79,46.0,2.0,2244.0,Right Wing,CA,USA,False,False,False,R,Y
262,6000000.0,26,73.0,205,8104.500000000001,186.0,166.0,200.0,593.0,200.0,184.89,80.61,6.0,6.0,393.65000000000003,190.0,32.0,13578.0,Left Wing,0,SWE,True,False,False,R,Y
263,2500000.0,27,73.0,200,4486.84,46.0,46.0,113.0,477.0,113.0,314.2,81.05,1.0,2.0,570.51,195.0,36.0,3358.0,Center,BC,CAN,False,False,False,R,Y
264,18102.0,26,74.0,200,87.92,1.0,1.0,24.0,17.0,24.0,0.0,33.33,0.0,0.0,3.2600000000000002,8.0,1.0,74.0,Defenseman,AB,CAN,False,False,True,R,Y
265,416346.0,26,78.0,231,1683.2600000000002,6.0,1.0,79.0,174.0,79.0,0.0,2.0,0.0,0.0,198.16,114.0,-34.0,468.0,Defenseman,ON,CAN,False,False,False,L,Y
266,96544.0,26,78.0,232,697.1400000000001,6.0,2.0,110.0,185.0,110.0,142.49,5.67,0.0,0.0,0.21,33.0,-15.0,468.0,Right Wing,MI,USA,False,False,False,R,Y
267,700000.0,24,74.0,201,204.26,4.0,2.0,9.0,46.0,9.0,75.0,8.0,0.0,0.0,0.0,9.0,1.0,296.0,Center,0,RUS,False,False,True,L,Y
268,1300000.0,24,77.0,210,1177.63,13.0,5.0,32.0,122.0,32.0,0.0,9.1,0.0,0.0,32.22,52.0,12.0,1001.0,Defenseman,NB,CAN,False,False,False,R,Y
269,2300000.0,23,72.0,197,1998.78,29.0,23.0,95.0,165.0,95.0,132.93,24.77,0.0,2.0,175.56,96.0,-22.0,2088.0,Center,MO,USA,False,False,False,R,Y
270,925000.0,23,72.0,189,1267.9399999999998,6.0,6.0,38.0,57.0,38.0,0.0,25.4,0.0,0.0,32.019999999999996,91.0,-8.0,432.0,Defenseman,BC,CAN,False,False,False,R,Y
271,82896.0,24,71.0,196,9.43,0.0,0.0,2.0,0.0,2.0,0.0,0.0,0.0,0.0,0.0,0.0,0.0,0.0,Center,ON,CAN,False,False,True,L,Y
272,286279.0,22,71.0,189,0.0,0.0,0.0,0.0,0.0,0.0,0.0,0.0,0.0,0.0,0.0,0.0,0.0,0.0,Defenseman,NY,USA,False,False,True,L,Y
273,4000000.0,31,72.0,182,8281.710000000001,187.0,172.0,175.0,227.0,175.0,354.11,78.47,9.0,0.0,14.120000000000001,172.0,-17.0,13464.0,Center,ON,CAN,False,False,False,L,Y
274,4250000.0,35,73.0,199,8524.47,189.0,109.0,164.0,363.0,164.0,377.84,88.84,1.0,4.0,329.77000000000004,232.0,-39.0,13797.0,Center,SK,CAN,False,False,False,R,Y
275,4000000.0,29,70.0,190,8555.39,211.0,137.0,129.0,378.0,129.0,332.43,86.73,5.0,4.0,415.49999999999994,227.0,75.0,14770.0,Left Wing,SK,CAN,False,False,False,L,Y
276,1500000.0,26,76.0,207,1973.25,30.0,28.0,59.0,179.0,59.0,116.23,39.3,0.0,0.0,67.41,89.0,23.0,2280.0,Left Wing,MA,USA,False,False,False,L,Y
277,1550000.0,25,72.0,187,2848.9500000000003,40.0,37.0,46.0,334.0,46.0,169.44,78.59,0.0,4.0,246.10999999999999,103.0,4.0,2880.0,Center,0,RUS,False,False,False,L,Y
278,1875000.0,24,72.0,203,3814.61,56.0,26.0,92.0,127.0,92.0,100.0,18.12,2.0,0.0,17.79,174.0,30.0,4032.0,Defenseman,ON,CAN,False,False,False,L,Y
279,6750000.0,37,73.0,200,12448.31,240.0,93.0,379.0,468.0,379.0,0.0,49.61,5.0,9.0,1384.05,1061.0,83.0,17520.0,Defenseman,ON,CAN,False,True,False,L,Y
280,3250000.0,33,75.0,231,8778.09,173.0,109.0,526.0,1656.0,526.0,338.21000000000004,82.24,1.0,0.0,10.649999999999999,154.0,39.0,12975.0,Left Wing,BC,CAN,False,False,False,L,Y
281,4350000.0,32,72.0,200,9297.05,181.0,122.0,266.0,378.0,266.0,337.92,71.52000000000001,7.0,14.0,961.2899999999998,263.0,43.0,13032.0,Center,0,SWE,False,False,False,L,Y
282,271530.0,31,75.0,210,8051.86,87.0,25.0,246.0,802.0,246.0,200.0,23.689999999999998,0.0,0.0,781.72,817.0,-60.0,6525.0,Defenseman,MB,CAN,False,False,False,R,Y
283,106250.0,30,73.0,202,1325.71,11.0,5.0,47.0,108.0,47.0,139.01,9.25,0.0,0.0,203.39999999999998,69.0,-14.0,803.0,Center,MB,CAN,False,False,False,R,Y
284,700000.0,29,73.0,194,5071.139999999999,37.0,31.0,71.0,620.0,71.0,247.49,39.989999999999995,1.0,2.0,626.76,221.0,-35.0,2701.0,Center,0,SWE,False,False,False,L,Y
285,700000.0,28,71.0,191,2063.1099999999997,24.0,9.0,81.0,221.0,81.0,0.0,16.159999999999997,0.0,0.0,9.57,69.0,0.0,1704.0,Defenseman,0,RUS,False,False,False,L,Y
286,6750000.0,27,69.0,165,8852.62,294.0,151.0,100.0,78.0,100.0,155.82999999999998,171.93999999999997,7.0,0.0,12.709999999999997,92.0,19.0,20286.0,Left Wing,NJ,USA,False,False,False,L,Y
287,875000.0,28,74.0,192,2223.77,34.0,31.0,56.0,85.0,56.0,262.06,90.77999999999999,0.0,0.0,2.47,43.0,8.0,2516.0,Left Wing,ON,CAN,False,False,False,R,Y
288,265496.0,29,78.0,232,114.06,1.0,2.0,13.0,34.0,13.0,0.0,36.7,0.0,0.0,2.35,6.0,2.0,78.0,Right Wing,NJ,USA,False,False,False,R,Y
289,3850000.0,26,73.0,195,9419.15,200.0,120.0,118.0,641.0,118.0,361.31,78.89,3.0,2.0,601.64,256.0,-48.0,14600.0,Center,0,SWE,False,False,False,R,Y
290,6000000.0,26,74.0,200,9916.56,217.0,194.0,119.0,289.0,119.0,351.77,103.98,11.0,2.0,218.26,190.0,-25.0,16058.0,Center,ON,CAN,False,False,False,L,Y
291,2400000.0,25,70.0,184,1484.1399999999999,20.0,25.0,32.0,125.0,32.0,194.56,27.91,0.0,0.0,2.92,46.0,12.0,1400.0,Left Wing,ON,CAN,False,False,False,L,Y
292,4950000.0,24,75.0,215,7498.66,110.0,28.0,93.0,374.0,93.0,0.0,21.15,2.0,1.0,268.68,392.0,-47.0,8250.0,Defenseman,MA,USA,False,False,False,L,Y
293,5050000.0,24,73.0,214,2834.93,34.0,7.0,84.0,109.0,84.0,0.0,5.74,0.0,0.0,81.17,178.0,8.0,2482.0,Defenseman,0,SWE,False,False,False,R,Y
294,203670.0,24,72.0,183,1146.79,10.0,5.0,26.0,47.0,26.0,0.0,19.689999999999998,0.0,0.0,2.67,76.0,-3.0,720.0,Defenseman,0,SWE,False,False,False,L,Y
295,18102.0,24,73.0,191,0.0,0.0,0.0,0.0,0.0,0.0,0.0,0.0,0.0,0.0,0.0,0.0,0.0,0.0,Center,BC,CAN,False,False,True,R,Y
296,3125000.0,34,70.0,185,4426.070000000001,85.0,51.0,86.0,118.0,86.0,281.62,88.60000000000001,0.0,2.0,328.44,117.0,8.0,5950.0,Center,WA,USA,False,False,False,R,Y
297,7000000.0,23,74.0,202,4957.870000000001,141.0,94.0,302.0,371.0,302.0,122.1,50.55,2.0,0.0,4.300000000000001,73.0,22.0,10434.0,Left Wing,AZ,USA,False,False,False,L,Y
298,1000000.0,35,75.0,210,8850.34,175.0,103.0,186.0,436.0,186.0,329.54999999999995,67.92999999999999,0.0,4.0,676.0799999999999,357.0,-18.0,13125.0,Center,0,SWE,False,False,False,L,Y
299,4000000.0,30,72.0,192,8799.01,176.0,154.0,445.0,771.0,445.0,350.43,82.01,4.0,1.0,38.2,179.0,-33.0,12672.0,Center,ON,CAN,False,False,False,L,Y
300,700002.0,29,75.0,228,5672.17,43.0,5.0,162.0,430.0,162.0,0.0,6.960000000000001,0.0,0.0,794.75,534.0,14.0,3225.0,Defenseman,0,SWE,False,False,False,L,Y
301,6500000.0,28,73.0,206,9245.59,161.0,159.0,96.0,285.0,96.0,309.11999999999995,82.38999999999999,3.0,5.0,609.76,176.0,34.0,11753.0,Left Wing,PA,USA,False,False,False,L,Y
302,6500000.0,28,73.0,215,9997.140000000001,224.0,167.0,416.0,984.0,416.0,372.53,87.08999999999999,3.0,2.0,401.72999999999996,382.0,20.0,16352.0,Left Wing,0,SWE,False,True,False,L,Y
303,193088.0,26,73.0,213,124.57000000000001,1.0,1.0,28.0,40.0,28.0,50.0,6.25,0.0,0.0,0.0,0.0,4.0,73.0,Center,NS,CAN,False,False,False,L,Y
304,4400000.0,26,75.0,201,5062.820000000001,108.0,82.0,99.0,191.0,99.0,244.07,83.84,2.0,0.0,3.7500000000000004,156.0,45.0,8100.0,Left Wing,0,AUT,False,False,False,L,Y
305,6150000.0,25,72.0,200,10254.720000000001,305.0,190.0,197.0,345.0,197.0,317.55000000000007,68.15,8.0,2.0,228.89000000000001,253.0,39.0,21960.0,Center,NS,CAN,True,False,False,R,Y
306,2200000.0,26,76.0,210,3986.4199999999996,65.0,36.0,36.0,316.0,36.0,90.0,28.91,0.0,1.0,56.019999999999996,115.0,39.0,4940.0,Right Wing,0,RUS,False,False,False,L,Y
307,2350000.0,27,73.0,191,2253.09,35.0,11.0,20.0,79.0,20.0,0.0,11.07,2.0,0.0,8.56,105.0,8.0,2555.0,Defenseman,BC,CAN,False,False,False,L,Y
308,12000000.0,24,76.0,215,5307.89,151.0,99.0,126.0,148.0,126.0,259.04999999999995,65.19,2.0,0.0,8.6,148.0,-21.0,11476.0,Right Wing,0,FIN,False,False,False,L,Y
309,874125.0,23,71.0,187,2810.6400000000003,40.0,32.0,62.0,142.0,62.0,147.68,38.379999999999995,0.0,0.0,39.57000000000001,82.0,-6.0,2840.0,Center,AB,CAN,False,False,False,L,Y
310,5000000.0,23,70.0,170,4410.85,72.0,12.0,31.0,157.0,31.0,100.0,12.41,0.0,0.0,18.58,251.0,-2.0,5040.0,Defenseman,QC,CAN,False,False,False,L,Y
311,476686.0,28,72.0,204,24.06,0.0,1.0,0.0,1.0,0.0,0.0,100.0,0.0,0.0,0.0,1.0,1.0,0.0,Defenseman,OR,USA,False,False,False,L,Y
312,135786.0,26,72.0,194,701.4699999999999,7.0,6.0,14.0,103.0,14.0,118.75,10.0,0.0,0.0,23.36,23.0,0.0,504.0,Left Wing,OH,USA,False,False,False,R,Y
313,112738.0,20,70.0,190,0.0,0.0,0.0,0.0,0.0,0.0,0.0,0.0,0.0,0.0,0.0,0.0,0.0,0.0,Center,NL,CAN,False,False,True,L,Y
314,2650000.0,38,73.0,192,13059.92,259.0,42.0,206.0,201.0,206.0,0.0,27.109999999999996,2.0,0.0,1281.7999999999997,851.0,54.0,18907.0,Defenseman,MB,CAN,False,False,False,L,Y
315,5750000.0,33,75.0,212,8159.67,136.0,155.0,276.0,504.0,276.0,229.49999999999997,79.05000000000001,7.0,0.0,11.55,168.0,8.0,10200.0,Left Wing,ON,CAN,False,False,False,L,Y
316,2500000.0,34,70.0,170,10217.74,118.0,23.0,114.0,471.0,114.0,0.0,26.4,2.0,0.0,865.2900000000001,1416.0,5.0,8260.0,Defenseman,AB,CAN,False,False,False,L,Y
317,2150000.0,30,76.0,208,7153.65,93.0,86.0,296.0,544.0,296.0,205.51999999999998,84.58,1.0,4.0,445.16,162.0,-33.0,7068.0,Right Wing,QC,CAN,False,False,False,R,Y
318,257764.0,30,73.0,204,8869.48,71.0,19.0,292.0,682.0,292.0,0.0,25.63,0.0,1.0,865.4,616.0,-38.0,5183.0,Defenseman,0,RUS,False,False,False,L,Y
319,3750000.0,29,71.0,197,11202.16,255.0,78.0,169.0,334.0,169.0,0.0,50.199999999999996,3.0,1.0,120.67999999999999,554.0,-53.0,18105.0,Defenseman,BC,CAN,False,False,False,R,Y
320,1500000.0,28,70.0,176,2357.41,25.0,32.0,56.0,441.0,56.0,70.89,71.01,1.0,3.0,292.14,102.0,-6.0,1750.0,Right Wing,SK,CAN,False,False,False,R,Y
321,416346.0,27,73.0,206,4067.8599999999997,67.0,39.0,49.0,263.0,49.0,181.47000000000003,42.44,0.0,3.0,233.32,206.0,-54.0,4891.0,Center,ON,CAN,False,False,False,L,Y
322,1300000.0,26,76.0,212,2680.1,31.0,21.0,143.0,436.0,143.0,177.43,38.46,0.0,2.0,273.52,113.0,-39.0,2356.0,Left Wing,BC,CAN,False,False,False,L,Y
323,5600000.0,26,76.0,221,7620.219999999999,92.0,29.0,295.0,767.0,295.0,0.0,19.47,2.0,0.0,677.39,596.0,-7.0,6992.0,Defenseman,ON,CAN,True,False,False,L,Y
324,9000000.0,25,74.0,208,8281.97,254.0,168.0,144.0,224.0,144.0,296.65000000000003,89.47,9.0,6.0,273.26,131.0,-24.0,18796.0,Center,0,DEU,True,False,False,L,Y
325,700000.0,25,74.0,207,94.55,0.0,0.0,0.0,4.0,0.0,0.0,0.0,0.0,0.0,10.28,12.0,-4.0,0.0,Defenseman,0,SWE,False,False,True,L,Y
326,13000000.0,24,73.0,193,7529.52,307.0,162.0,118.0,150.0,118.0,220.13,75.22999999999999,7.0,3.0,244.63,133.0,43.0,22411.0,Center,ON,CAN,False,True,False,L,Y
327,1500000.0,24,71.0,197,1894.65,19.0,6.0,43.0,73.0,43.0,0.0,10.1,0.0,0.0,135.48,134.0,-15.0,1349.0,Defenseman,SK,CAN,False,False,False,R,Y
328,900000.0,23,76.0,201,1733.12,20.0,17.0,40.0,124.0,40.0,50.0,18.81,0.0,0.0,1.6600000000000001,59.0,-10.0,1520.0,Right Wing,0,SWE,False,False,False,R,Y
329,975000.0,26,71.0,175,1904.21,43.0,25.0,14.0,18.0,14.0,84.39,23.29,0.0,0.0,5.53,49.0,18.0,3053.0,Center,0,CZE,False,False,False,L,Y
330,256462.0,28,72.0,179,352.44,6.0,3.0,8.0,18.0,8.0,50.0,7.7,0.0,0.0,0.23,8.0,0.0,432.0,Left Wing,0,SWE,False,False,False,L,Y
331,5000000.0,35,75.0,212,10574.869999999999,147.0,48.0,370.0,788.0,370.0,183.32,33.76,4.0,0.0,1157.15,1037.0,-56.0,11025.0,Defenseman,0,SWE,False,False,False,L,Y
332,5000000.0,35,75.0,212,10574.869999999999,147.0,48.0,370.0,788.0,370.0,183.32,33.76,4.0,0.0,1157.15,1037.0,-56.0,11025.0,Defenseman,0,SWE,False,False,False,L,Y
333,5000000.0,31,80.0,229,9848.24,122.0,48.0,380.0,502.0,380.0,0.0,47.94,1.0,3.0,1016.97,655.0,-8.0,9760.0,Defenseman,TX,USA,False,False,False,R,Y
334,1250000.0,30,74.0,205,10020.800000000001,101.0,27.0,387.0,678.0,387.0,0.0,23.48,0.0,2.0,1181.2199999999998,900.0,0.0,7474.0,Defenseman,MB,CAN,False,False,False,R,Y
335,2500000.0,31,71.0,199,6567.08,98.0,73.0,882.0,688.0,882.0,305.31,79.52000000000001,0.0,0.0,629.8200000000002,329.0,-3.0,6958.0,Left Wing,0,FRA,False,False,False,L,Y
336,283598.0,27,72.0,190,872.94,23.0,8.0,10.0,29.0,10.0,128.2,25.79,0.0,0.0,36.78,31.0,17.0,1656.0,Center,MN,USA,False,False,False,R,Y
337,42238.0,28,77.0,208,645.44,2.0,9.0,14.0,64.0,14.0,212.90000000000003,54.58,0.0,0.0,0.42000000000000004,21.0,1.0,154.0,Center,ON,CAN,False,False,False,L,Y
338,4500000.0,28,73.0,218,7536.219999999999,185.0,120.0,225.0,770.0,225.0,346.51,94.88,5.0,3.0,177.21,236.0,41.0,13505.0,Center,OH,USA,False,False,False,L,Y
339,403468.0,28,75.0,202,4406.16,51.0,59.0,82.0,269.0,82.0,100.44,47.03,0.0,1.0,179.17000000000002,125.0,-25.0,3825.0,Left Wing,MA,USA,False,False,False,L,Y
340,6100000.0,30,72.0,194,7621.06,111.0,29.0,84.0,275.0,84.0,0.0,34.06999999999999,0.0,0.0,489.32,528.0,88.0,7992.0,Defenseman,MN,USA,False,False,False,L,Y
341,1000000.0,26,70.0,192,2282.4300000000003,16.0,22.0,40.0,438.0,40.0,140.62,34.9,0.0,2.0,270.96,140.0,-24.0,1120.0,Center,MI,USA,False,False,False,L,Y
342,1600000.0,26,74.0,200,2228.58,30.0,18.0,46.0,248.0,46.0,180.32,89.19999999999999,2.0,0.0,239.6,115.0,12.0,2220.0,Center,ON,CAN,False,False,False,L,Y
343,1600000.0,26,74.0,200,2228.58,30.0,18.0,46.0,248.0,46.0,180.32,89.19999999999999,2.0,0.0,239.6,115.0,12.0,2220.0,Center,ON,CAN,False,False,False,L,Y
344,3500000.0,26,72.0,215,8006.2699999999995,155.0,120.0,125.0,356.0,125.0,317.51000000000005,75.17,3.0,6.0,548.15,299.0,-65.0,11160.0,Center,ON,CAN,False,False,False,L,Y
345,1700000.0,24,73.0,226,3575.5999999999995,45.0,50.0,178.0,557.0,178.0,232.91,36.88,0.0,0.0,3.56,120.0,-25.0,3285.0,Right Wing,BC,CAN,False,False,False,R,Y
346,800000.0,25,71.0,196,684.3199999999999,12.0,10.0,32.0,166.0,32.0,107.01,31.5,0.0,0.0,0.24,34.0,-7.0,852.0,Center,SK,CAN,False,False,False,R,Y
347,700000.0,25,71.0,188,510.75,4.0,4.0,6.0,47.0,6.0,45.0,13.11,0.0,0.0,23.89,16.0,-5.0,284.0,Center,NS,CAN,False,False,False,L,Y
348,6125000.0,24,73.0,208,3610.41,86.0,75.0,52.0,76.0,52.0,105.63,54.14,1.0,0.0,4.93,60.0,-3.0,6278.0,Right Wing,MN,USA,False,False,False,R,Y
349,700000.0,25,73.0,188,0.0,0.0,0.0,0.0,0.0,0.0,0.0,0.0,0.0,0.0,0.0,0.0,0.0,0.0,Defenseman,MI,USA,False,False,True,R,Y
350,700000.0,25,75.0,205,191.73,2.0,5.0,25.0,45.0,25.0,50.0,29.4,0.0,0.0,0.11,6.0,2.0,150.0,Center,PE,CAN,False,False,True,R,Y
351,925000.0,21,70.0,180,1578.33,48.0,8.0,24.0,8.0,24.0,0.0,6.3,1.0,0.0,3.08,47.0,-10.0,3360.0,Defenseman,FL,USA,False,False,False,L,Y
352,825000.0,20,69.0,185,0.0,0.0,0.0,0.0,0.0,0.0,0.0,0.0,0.0,0.0,0.0,0.0,0.0,0.0,Left Wing,0,SWE,False,False,True,L,Y
353,356006.0,25,71.0,187,0.0,0.0,0.0,0.0,0.0,0.0,0.0,0.0,0.0,0.0,0.0,0.0,0.0,0.0,Left Wing,0,DEU,False,False,True,L,Y
354,6000000.0,36,75.0,228,10042.25,322.0,122.0,355.0,788.0,355.0,352.71,75.48999999999998,6.0,3.0,681.12,531.0,49.0,24150.0,Center,SK,CAN,False,True,False,R,Y
355,4000000.0,37,75.0,215,7719.29,144.0,113.0,481.0,1280.0,481.0,353.71,69.86000000000001,2.0,0.0,492.44999999999993,316.0,28.0,10800.0,Right Wing,MN,USA,False,False,False,R,Y
356,2500000.0,32,72.0,203,9775.89,214.0,60.0,290.0,463.0,290.0,0.0,39.870000000000005,3.0,0.0,374.65,630.0,-8.0,15408.0,Defenseman,NY,USA,False,False,False,R,Y
357,5825000.0,31,72.0,188,9783.41,152.0,159.0,181.0,500.0,181.0,345.12,111.10000000000001,4.0,8.0,961.19,382.0,-9.0,10944.0,Center,ON,CAN,False,False,False,L,Y
358,1250000.0,31,75.0,206,2968.53,39.0,31.0,85.0,293.0,85.0,317.23999999999995,39.870000000000005,0.0,3.0,437.49,144.0,-17.0,2925.0,Center,BC,CAN,False,False,False,L,Y
359,5250000.0,30,72.0,208,8658.65,144.0,128.0,148.0,325.0,148.0,179.32999999999998,72.02,2.0,9.0,887.4100000000001,306.0,32.0,10368.0,Right Wing,0,SWE,True,False,False,R,Y
360,1000000.0,30,75.0,219,3961.2200000000003,31.0,31.0,355.0,1137.0,355.0,166.66,46.300000000000004,0.0,1.0,142.9,158.0,-60.0,2325.0,Left Wing,QC,CAN,False,False,False,L,Y
361,4750000.0,29,73.0,207,11261.32,170.0,51.0,143.0,243.0,143.0,50.0,44.32,2.0,4.0,990.6800000000001,732.0,7.0,12410.0,Defenseman,ON,CAN,False,False,False,L,Y
362,4450000.0,29,75.0,224,7686.540000000001,76.0,21.0,348.0,906.0,348.0,0.0,22.07,0.0,1.0,943.7900000000001,424.0,42.0,5700.0,Defenseman,IL,USA,True,False,False,R,Y
363,271572.0,28,73.0,201,530.15,5.0,1.0,8.0,51.0,8.0,0.0,3.13,0.0,0.0,6.199999999999999,26.0,-6.0,365.0,Defenseman,MN,USA,False,False,False,R,Y
364,3800000.0,28,72.0,196,7443.929999999999,154.0,129.0,96.0,580.0,96.0,340.21000000000004,71.2,6.0,0.0,91.41,185.0,0.0,11088.0,Left Wing,0,SWE,False,False,False,R,Y
365,2775000.0,26,73.0,188,3306.67,70.0,37.0,44.0,140.0,44.0,98.59,30.7,0.0,1.0,38.919999999999995,105.0,18.0,5110.0,Left Wing,BC,CAN,False,False,False,L,Y
366,1100000.0,24,74.0,190,1872.1399999999999,14.0,2.0,30.0,76.0,30.0,0.0,3.4,0.0,0.0,129.61,117.0,-14.0,1036.0,Defenseman,0,SWE,False,False,False,L,Y
367,1350000.0,23,72.0,180,1148.63,20.0,8.0,8.0,7.0,8.0,57.5,21.5,0.0,0.0,1.38,23.0,3.0,1440.0,Right Wing,CO,USA,False,False,False,R,Y
368,5000000.0,37,71.0,195,10591.4,237.0,219.0,217.0,645.0,217.0,381.28999999999996,103.04,4.0,3.0,455.41,477.0,73.0,16827.0,Center,WI,USA,False,False,False,R,Y
369,1500000.0,35,72.0,195,8853.15,122.0,30.0,90.0,306.0,90.0,0.0,24.07,2.0,3.0,812.79,705.0,-3.0,8784.0,Defenseman,0,SVK,False,False,False,L,Y
370,3250000.0,34,70.0,175,7929.41,122.0,82.0,189.0,667.0,189.0,286.28,57.35,0.0,14.0,910.5899999999999,214.0,52.0,8540.0,Center,ON,CAN,False,False,False,L,Y
371,9000000.0,32,74.0,210,10500.390000000001,277.0,218.0,421.0,932.0,421.0,360.61999999999995,96.49,7.0,7.0,581.7200000000001,402.0,50.0,20498.0,Left Wing,BC,CAN,False,True,False,L,Y
372,448266.0,30,70.0,185,9047.17,149.0,43.0,192.0,511.0,192.0,50.0,38.85,0.0,1.0,751.77,665.0,-11.0,10430.0,Defenseman,0,FIN,False,False,False,R,Y
373,9000000.0,29,73.0,200,10585.24,291.0,223.0,161.0,489.0,161.0,368.75,75.03,8.0,1.0,257.22,225.0,29.0,21243.0,Center,ON,CAN,False,False,False,R,Y
374,750000.0,29,73.0,196,6942.46,62.0,21.0,126.0,429.0,126.0,50.0,77.37,1.0,0.0,686.3,466.0,-13.0,4526.0,Defenseman,AB,CAN,False,False,False,R,Y
375,6000000.0,28,75.0,190,9840.86,233.0,58.0,156.0,255.0,156.0,100.0,43.01,4.0,0.0,191.17999999999998,520.0,35.0,17475.0,Defenseman,0,SWE,False,False,False,R,Y
376,2500000.0,27,75.0,220,5434.2699999999995,68.0,60.0,215.0,437.0,215.0,249.24,54.220000000000006,0.0,3.0,599.23,260.0,15.0,5100.0,Center,0,CZE,False,False,False,L,Y
377,4800000.0,27,75.0,215,7028.2300000000005,73.0,27.0,91.0,421.0,91.0,0.0,22.6,2.0,2.0,828.5999999999999,539.0,43.0,5475.0,Defenseman,0,FIN,False,False,False,L,Y
378,2000000.0,24,75.0,220,1699.7199999999998,27.0,28.0,40.0,160.0,40.0,104.1,24.89,2.0,2.0,35.59,64.0,-8.0,2025.0,Left Wing,0,FIN,False,False,False,L,Y
379,2200000.0,24,75.0,200,1072.3,12.0,21.0,13.0,87.0,13.0,50.0,19.549999999999997,0.0,0.0,0.6499999999999999,30.0,1.0,900.0,Right Wing,0,RUS,False,False,False,L,Y
380,4000000.0,36,72.0,210,9501.49,147.0,118.0,248.0,1394.0,248.0,248.05,61.49,5.0,3.0,692.3699999999999,164.0,-6.0,10584.0,Right Wing,NY,USA,True,False,False,R,Y
381,8000000.0,33,75.0,225,11601.759999999998,314.0,160.0,144.0,509.0,144.0,376.38,95.75999999999999,7.0,4.0,1078.2099999999998,400.0,63.0,23550.0,Center,0,SVN,False,True,False,L,Y
382,1200000.0,26,74.0,188,4443.3099999999995,72.0,84.0,117.0,140.0,117.0,211.8,63.78,4.0,1.0,85.68,107.0,-76.0,5328.0,Center,ON,CAN,False,False,False,L,Y
383,2250000.0,24,74.0,201,3663.76,62.0,41.0,134.0,271.0,134.0,166.16,37.269999999999996,1.0,2.0,128.19,63.0,-12.0,4588.0,Center,0,SWE,False,False,False,L,Y
384,525000.0,25,73.0,213,1400.49,17.0,19.0,240.0,305.0,240.0,71.72999999999999,41.58,0.0,1.0,40.400000000000006,84.0,-6.0,1241.0,Left Wing,CO,USA,False,False,False,L,Y
385,4250000.0,28,69.0,180,5545.629999999999,97.0,117.0,151.0,128.0,151.0,127.98,59.34,2.0,10.0,301.81,184.0,36.0,6693.0,Right Wing,0,SWE,False,False,False,R,Y
386,900000.0,24,73.0,185,1316.53,14.0,18.0,55.0,287.0,55.0,66.66,22.71,0.0,0.0,2.39,28.0,-3.0,1022.0,Left Wing,AB,CAN,False,False,False,L,Y
387,700000.0,26,73.0,200,1695.75,18.0,6.0,18.0,170.0,18.0,0.0,9.48,0.0,0.0,136.03,147.0,15.0,1314.0,Defenseman,MI,USA,False,False,False,R,Y
388,700000.0,23,72.0,201,389.88,5.0,5.0,14.0,67.0,14.0,0.0,19.23,0.0,0.0,0.11,7.0,-2.0,360.0,Right Wing,0,SWE,False,False,False,L,Y
389,633570.0,24,74.0,196,552.92,7.0,9.0,11.0,33.0,11.0,25.0,21.78,0.0,0.0,0.0,24.0,-7.0,518.0,Right Wing,ON,CAN,False,False,False,R,Y
390,800000.0,26,70.0,185,768.64,10.0,8.0,8.0,75.0,8.0,28.57,17.69,0.0,0.0,54.75,24.0,-3.0,700.0,Center,CA,USA,False,False,False,L,Y
391,2450000.0,27,72.0,188,3837.04,60.0,41.0,48.0,189.0,48.0,123.63999999999999,29.12,2.0,0.0,160.67000000000002,134.0,-6.0,4320.0,Left Wing,NY,USA,False,False,False,L,Y
392,2000000.0,26,71.0,196,1919.84,26.0,8.0,34.0,124.0,34.0,0.0,9.35,0.0,0.0,88.49,124.0,-20.0,1846.0,Defenseman,ON,CAN,False,False,False,R,Y
393,700000.0,41,74.0,215,10016.71,169.0,158.0,126.0,532.0,126.0,356.02000000000004,78.15,3.0,3.0,417.78,216.0,-45.0,12506.0,Center,SK,CAN,False,False,False,L,Y
394,10000000.0,36,77.0,230,13189.330000000002,319.0,135.0,306.0,704.0,306.0,146.56,46.87,9.0,2.0,938.83,791.0,6.0,24563.0,Defenseman,ON,CAN,True,False,False,R,Y
395,6000000.0,29,74.0,210,8861.12,136.0,162.0,683.0,1039.0,683.0,323.26,66.33,1.0,11.0,560.0899999999999,186.0,-64.0,10064.0,Left Wing,BC,CAN,False,False,False,L,Y
396,1500000.0,29,71.0,175,2480.19,29.0,30.0,58.0,185.0,58.0,178.71,49.7,0.0,2.0,219.37,68.0,-8.0,2059.0,Left Wing,0,SWE,False,False,False,L,Y
397,380142.0,28,76.0,200,250.8,3.0,2.0,98.0,108.0,98.0,0.0,28.57,0.0,0.0,0.05,9.0,1.0,228.0,Right Wing,ON,CAN,False,False,False,R,Y
398,2150000.0,25,72.0,192,1602.5100000000002,28.0,29.0,20.0,83.0,20.0,153.49,42.72,1.0,0.0,0.37,37.0,-8.0,2016.0,Center,MA,USA,False,False,False,L,Y
399,3200000.0,25,71.0,185,4131.13,99.0,50.0,128.0,162.0,128.0,137.04,39.56,4.0,0.0,14.69,77.0,-31.0,7029.0,Right Wing,NY,USA,False,False,False,R,Y
400,4000000.0,24,72.0,210,4161.23,81.0,76.0,158.0,423.0,158.0,132.63,36.63,2.0,0.0,120.02000000000001,131.0,-10.0,5832.0,Right Wing,0,CHE,False,False,False,L,Y
401,265106.0,25,75.0,222,1028.22,12.0,1.0,33.0,128.0,33.0,0.0,1.54,0.0,0.0,46.47,94.0,-16.0,900.0,Defenseman,0,SVK,False,False,False,R,Y
402,735000.0,24,71.0,180,626.5,11.0,6.0,10.0,37.0,10.0,14.28,14.719999999999999,0.0,0.0,8.05,31.0,-9.0,781.0,Left Wing,0,LVA,False,False,False,L,Y
403,925000.0,22,71.0,185,969.08,9.0,2.0,30.0,120.0,30.0,0.0,3.2,0.0,0.0,46.1,58.0,-15.0,639.0,Defenseman,ON,CAN,False,False,False,L,Y
404,2450000.0,28,71.0,200,1447.9,15.0,3.0,22.0,158.0,22.0,0.0,7.4399999999999995,0.0,0.0,115.30000000000001,94.0,-6.0,1065.0,Defenseman,0,CZE,False,False,False,L,Y
405,637952.0,22,71.0,183,0.0,0.0,0.0,0.0,0.0,0.0,0.0,0.0,0.0,0.0,0.0,0.0,0.0,0.0,Left Wing,NJ,USA,False,False,True,L,Y
406,71770.0,27,70.0,192,0.0,0.0,0.0,0.0,0.0,0.0,0.0,0.0,0.0,0.0,0.0,0.0,0.0,0.0,Left Wing,0,RUS,False,False,False,L,Y
407,120680.0,33,64.0,176,3672.53,43.0,33.0,106.0,230.0,106.0,183.32999999999998,22.91,0.0,2.0,223.10999999999999,56.0,-43.0,2752.0,Center,MI,USA,False,False,False,L,Y
408,700000.0,31,72.0,195,8104.57,94.0,32.0,166.0,1018.0,166.0,0.0,32.739999999999995,1.0,1.0,656.66,627.0,-32.0,6768.0,Defenseman,ON,CAN,False,False,False,L,Y
409,1600000.0,28,74.0,206,2561.51,28.0,6.0,65.0,210.0,65.0,0.0,19.79,0.0,0.0,146.56,223.0,-4.0,2072.0,Defenseman,ON,CAN,False,False,False,L,Y
410,271572.0,27,74.0,208,588.61,3.0,4.0,26.0,119.0,26.0,50.0,27.299999999999997,0.0,0.0,2.6999999999999997,19.0,-13.0,222.0,Center,IL,USA,False,False,False,L,Y
411,5400000.0,26,76.0,213,11954.369999999999,198.0,60.0,168.0,534.0,168.0,0.0,38.419999999999995,8.0,1.0,1038.06,805.0,-7.0,15048.0,Defenseman,TX,USA,False,False,False,R,Y
412,4600000.0,26,70.0,192,6335.990000000001,170.0,81.0,300.0,196.0,300.0,224.98999999999998,49.16,2.0,0.0,34.4,126.0,4.0,11900.0,Center,MB,CAN,False,False,False,L,Y
413,229292.0,25,76.0,201,93.31,1.0,0.0,0.0,8.0,0.0,37.03,0.0,0.0,0.0,0.0,3.0,1.0,76.0,Center,MO,USA,False,False,True,L,Y
414,1300000.0,24,73.0,187,2197.4700000000003,41.0,26.0,18.0,110.0,18.0,153.64,35.620000000000005,0.0,0.0,0.22999999999999998,52.0,6.0,2993.0,Center,OH,USA,False,False,False,R,Y
415,663740.0,24,77.0,203,266.89,3.0,0.0,8.0,20.0,8.0,0.0,0.0,0.0,0.0,6.7,12.0,-4.0,231.0,Defenseman,0,SWE,False,False,False,L,Y
416,1300000.0,28,74.0,186,1137.54,13.0,1.0,20.0,49.0,20.0,0.0,2.0,0.0,0.0,5.039999999999999,69.0,8.0,962.0,Defenseman,0,CHE,False,False,False,L,Y
417,1650000.0,25,73.0,213,1309.34,13.0,5.0,18.0,79.0,18.0,0.0,6.2,0.0,0.0,102.13,92.0,1.0,949.0,Defenseman,0,RUS,False,False,False,L,Y
418,171072.0,24,73.0,212,37.82,0.0,0.0,2.0,20.0,2.0,0.0,0.0,0.0,0.0,0.0,2.0,0.0,0.0,Right Wing,OH,USA,False,False,True,R,Y
419,6788775.0,23,77.0,210,5391.219999999999,109.0,138.0,114.0,321.0,114.0,99.27,60.55,1.0,0.0,2.52,155.0,-1.0,8393.0,Left Wing,0,FIN,False,False,False,R,Y
420,372403.0,23,75.0,197,304.5,2.0,1.0,4.0,25.0,4.0,0.0,4.3,0.0,0.0,5.21,21.0,1.0,150.0,Defenseman,FL,USA,False,False,True,R,Y
421,917855.0,21,73.0,186,483.88,7.0,7.0,10.0,22.0,10.0,36.5,28.87,1.0,0.0,1.19,8.0,6.0,511.0,Center,0,FRA,False,False,False,L,Y
422,616421.0,22,72.0,193,687.03,10.0,10.0,8.0,52.0,8.0,30.76,10.3,1.0,0.0,0.05,17.0,-10.0,720.0,Center,0,SWE,False,False,False,R,Y
423,975000.0,26,74.0,200,712.0300000000001,5.0,7.0,12.0,103.0,12.0,36.36,10.1,0.0,0.0,0.0,16.0,7.0,370.0,Left Wing,NJ,USA,False,False,False,L,Y
424,386757.0,27,72.0,196,0.0,0.0,0.0,0.0,0.0,0.0,0.0,0.0,0.0,0.0,0.0,0.0,0.0,0.0,Defenseman,0,FIN,False,False,False,L,Y
425,4100000.0,33,73.0,195,8385.05,138.0,111.0,145.0,200.0,145.0,353.28999999999996,92.03999999999999,1.0,2.0,1085.46,555.0,77.0,10074.0,Center,CT,USA,False,False,False,L,Y
426,2818966.0,32,73.0,225,8430.85,103.0,24.0,440.0,668.0,440.0,0.0,31.0,0.0,0.0,946.9899999999999,899.0,86.0,7519.0,Defenseman,MI,USA,False,False,False,L,Y
427,9000000.0,31,69.0,167,11458.1,160.0,70.0,102.0,444.0,102.0,100.0,56.56999999999999,2.0,0.0,1093.73,902.0,54.0,11040.0,Defenseman,AB,CAN,False,True,False,R,Y
428,4000000.0,30,73.0,203,7793.4,173.0,96.0,82.0,263.0,82.0,291.52,86.95,3.0,0.0,58.13999999999999,146.0,-17.0,12629.0,Center,0,SWE,False,False,False,L,Y
429,3000000.0,29,75.0,223,6942.7699999999995,88.0,64.0,441.0,1446.0,441.0,267.96000000000004,77.35,0.0,4.0,538.3000000000001,315.0,-10.0,6600.0,Left Wing,NY,USA,False,False,False,L,Y
430,4000000.0,28,74.0,195,6218.549999999999,109.0,70.0,82.0,245.0,82.0,298.42,57.89,2.0,0.0,85.08999999999999,152.0,-27.0,8066.0,Center,0,SWE,False,False,False,L,Y
431,3500000.0,28,73.0,194,11071.42,107.0,28.0,154.0,254.0,154.0,0.0,34.24,0.0,1.0,1072.44,830.0,44.0,7811.0,Defenseman,0,SWE,False,False,False,L,Y
432,700000.0,32,69.0,177,2792.2,40.0,18.0,24.0,64.0,24.0,0.0,30.060000000000002,0.0,0.0,17.36,125.0,-25.0,2760.0,Defenseman,BC,CAN,False,False,False,L,Y
433,1900000.0,26,72.0,192,3991.2300000000005,58.0,51.0,287.0,401.0,287.0,190.73,35.89,1.0,0.0,138.66,166.0,17.0,4176.0,Right Wing,SC,USA,False,False,False,R,Y
434,3500000.0,24,70.0,198,4301.01,87.0,71.0,122.0,147.0,122.0,59.72,51.61000000000001,1.0,0.0,9.29,82.0,-4.0,6090.0,Left Wing,0,CHE,False,False,False,L,Y
435,1600000.0,24,78.0,241,2120.4300000000003,33.0,20.0,83.0,157.0,83.0,93.82,19.61,0.0,0.0,60.86,87.0,-10.0,2574.0,Left Wing,NY,USA,False,False,False,L,Y
436,585298.0,26,75.0,207,96.56,2.0,0.0,0.0,9.0,0.0,82.47,0.0,0.0,0.0,3.8499999999999996,7.0,2.0,150.0,Center,0,DEU,False,False,True,L,Y
437,750000.0,36,73.0,205,5776.849999999999,55.0,32.0,194.0,817.0,194.0,374.06,49.19,2.0,5.0,871.71,279.0,3.0,4015.0,Center,AK,USA,False,False,False,L,Y
438,6500000.0,34,77.0,225,11069.16,358.0,171.0,381.0,747.0,381.0,295.69,73.51,4.0,11.0,667.3299999999999,399.0,58.0,27566.0,Right Wing,MN,USA,False,True,False,R,Y
439,5500000.0,35,72.0,193,8720.029999999999,213.0,115.0,196.0,300.0,196.0,388.2199999999999,88.82000000000001,2.0,1.0,520.1600000000001,236.0,42.0,15336.0,Center,QC,CAN,False,False,False,L,Y
440,750000.0,34,73.0,202,6577.619999999999,68.0,58.0,120.0,925.0,120.0,299.33,45.17,0.0,5.0,678.8000000000001,192.0,-31.0,4964.0,Center,UT,USA,False,False,False,R,Y
441,4000000.0,33,70.0,188,6854.289999999999,157.0,97.0,232.0,647.0,232.0,375.26000000000005,83.34,2.0,0.0,10.940000000000001,156.0,-8.0,10990.0,Left Wing,QC,CAN,False,False,False,L,Y
442,1600000.0,33,74.0,199,8762.470000000001,87.0,22.0,203.0,623.0,203.0,100.0,28.06,0.0,0.0,1055.63,824.0,15.0,6438.0,Defenseman,BC,CAN,False,False,False,L,Y
443,1600000.0,33,74.0,199,8762.470000000001,87.0,22.0,203.0,623.0,203.0,100.0,28.06,0.0,0.0,1055.63,824.0,15.0,6438.0,Defenseman,BC,CAN,False,False,False,L,Y
444,1000000.0,29,76.0,219,5461.18,47.0,6.0,176.0,471.0,176.0,100.0,13.09,0.0,0.0,613.61,491.0,7.0,3572.0,Defenseman,MN,USA,False,False,False,L,Y
445,2500000.0,28,77.0,210,5998.0599999999995,66.0,57.0,215.0,1144.0,215.0,311.57,61.23,0.0,3.0,765.12,235.0,4.0,5082.0,Center,MO,USA,False,False,False,L,Y
446,5500000.0,28,75.0,207,10076.05,264.0,179.0,225.0,410.0,225.0,317.06,111.36999999999998,9.0,2.0,300.73999999999995,304.0,83.0,19800.0,Center,ON,CAN,True,False,False,R,Y
447,2300000.0,27,73.0,206,4498.539999999999,64.0,46.0,54.0,403.0,54.0,322.34000000000003,55.739999999999995,0.0,4.0,551.5999999999999,158.0,52.0,4672.0,Center,MI,USA,False,False,False,L,Y
448,4750000.0,25,72.0,172,6061.26,142.0,115.0,130.0,174.0,130.0,105.55,59.370000000000005,0.0,1.0,5.38,124.0,34.0,10224.0,Left Wing,0,DNK,False,False,False,L,Y
449,8000000.0,24,73.0,182,4604.37,96.0,105.0,72.0,46.0,72.0,155.48,55.35999999999999,4.0,2.0,130.06,72.0,-2.0,7008.0,Left Wing,MI,USA,False,False,False,L,Y
450,700000.0,24,73.0,182,308.01,5.0,2.0,5.0,8.0,5.0,0.0,6.9,0.0,0.0,0.0,10.0,-2.0,365.0,Center,OH,USA,False,False,False,L,Y
451,700000.0,24,73.0,176,706.87,8.0,2.0,14.0,26.0,14.0,0.0,55.26,0.0,0.0,0.45,52.0,-2.0,584.0,Defenseman,0,FIN,False,False,False,L,Y
452,3150000.0,25,72.0,186,3830.99,72.0,13.0,79.0,352.0,79.0,0.0,9.8,0.0,0.0,338.51,217.0,-7.0,5184.0,Defenseman,NE,USA,False,False,False,R,Y
453,4000000.0,35,71.0,185,12775.9,205.0,40.0,180.0,715.0,180.0,100.0,33.86,1.0,1.0,1265.19,1055.0,-9.0,14555.0,Defenseman,MN,USA,False,False,False,L,Y
454,4000000.0,34,75.0,197,10013.990000000002,95.0,16.0,206.0,214.0,206.0,0.0,26.699999999999996,0.0,1.0,1312.31,967.0,64.0,7125.0,Defenseman,0,SWE,True,False,False,L,Y
455,1000000.0,33,73.0,202,8738.02,180.0,123.0,223.0,738.0,223.0,349.37,77.14,3.0,0.0,55.010000000000005,143.0,14.0,13140.0,Center,QC,CAN,False,False,False,L,Y
456,3150000.0,33,73.0,195,9074.34,115.0,34.0,300.0,571.0,300.0,0.0,37.89,0.0,1.0,849.91,547.0,23.0,8395.0,Defenseman,QC,CAN,False,False,False,R,Y
457,1400000.0,28,71.0,204,5741.0599999999995,59.0,38.0,190.0,571.0,190.0,344.73,57.010000000000005,0.0,2.0,555.63,216.0,-41.0,4189.0,Left Wing,0,SWE,False,False,False,L,Y
458,750000.0,26,75.0,223,1560.47,15.0,11.0,162.0,346.0,162.0,95.17999999999999,26.529999999999998,0.0,1.0,59.67,75.0,-15.0,1125.0,Center,IL,USA,False,False,False,R,Y
459,1600000.0,29,72.0,182,3946.96,40.0,14.0,34.0,183.0,34.0,0.0,17.14,0.0,0.0,171.82999999999998,356.0,-27.0,2880.0,Defenseman,MI,USA,False,False,False,L,Y
460,3000000.0,25,72.0,177,4030.99,105.0,45.0,52.0,50.0,52.0,150.51,49.78,1.0,0.0,117.26000000000002,112.0,2.0,7560.0,Center,WI,USA,False,False,False,R,Y
461,3450000.0,25,72.0,195,3955.4100000000003,65.0,50.0,58.0,219.0,58.0,208.59000000000003,48.38,1.0,0.0,187.32,147.0,-8.0,4680.0,Center,IL,USA,False,False,False,L,Y
462,289632.0,25,72.0,193,678.88,12.0,3.0,34.0,124.0,34.0,25.0,5.66,0.0,0.0,0.35,20.0,-5.0,864.0,Left Wing,BC,CAN,False,False,False,L,Y
463,874125.0,24,74.0,214,2736.58,28.0,35.0,57.0,382.0,57.0,73.08,56.42,2.0,0.0,3.29,64.0,-28.0,2072.0,Right Wing,IL,USA,False,False,False,R,Y
464,1350000.0,24,76.0,220,2920.46,31.0,32.0,155.0,678.0,155.0,169.7,35.84,0.0,4.0,307.48,108.0,-21.0,2356.0,Left Wing,ON,CAN,False,False,False,L,Y
465,800000.0,25,70.0,165,1563.3200000000002,22.0,35.0,32.0,59.0,32.0,91.91,24.92,0.0,0.0,0.28,37.0,2.0,1540.0,Right Wing,MA,USA,False,False,False,R,Y
466,5500000.0,22,70.0,170,4156.63,104.0,54.0,76.0,43.0,76.0,118.85,27.05,2.0,0.0,23.64,62.0,-37.0,7280.0,Right Wing,MO,USA,False,False,False,L,Y
467,3300000.0,23,74.0,210,4632.030000000001,52.0,28.0,129.0,332.0,129.0,0.0,24.43,0.0,0.0,183.81,343.0,-20.0,3848.0,Defenseman,FL,USA,False,False,False,L,Y
468,1000000.0,27,74.0,201,1286.65,8.0,0.0,31.0,301.0,31.0,0.0,0.0,0.0,0.0,16.84,114.0,-5.0,592.0,Defenseman,0,RUS,False,False,False,R,Y
469,7000000.0,32,74.0,215,9583.26,189.0,212.0,249.0,667.0,249.0,310.11,79.59,10.0,7.0,503.75,225.0,40.0,13986.0,Left Wing,CT,USA,False,False,False,L,Y
470,4000000.0,33,73.0,209,9634.5,121.0,52.0,153.0,713.0,153.0,0.0,51.300000000000004,3.0,1.0,855.6200000000001,999.0,22.0,8833.0,Defenseman,MI,USA,False,False,False,L,Y
471,5000000.0,31,75.0,210,13463.650000000001,249.0,80.0,168.0,337.0,168.0,0.0,41.83,2.0,0.0,1451.8700000000001,1011.0,52.0,18675.0,Defenseman,ON,CAN,False,False,False,R,Y
472,2500000.0,30,76.0,216,8126.869999999999,65.0,17.0,348.0,1142.0,348.0,100.0,22.3,0.0,1.0,884.1500000000001,665.0,62.0,4940.0,Defenseman,SK,CAN,False,False,False,L,Y
473,8000000.0,29,75.0,202,8453.900000000001,236.0,149.0,145.0,338.0,145.0,355.01,103.55,5.0,4.0,490.32000000000005,328.0,75.0,17700.0,Right Wing,MB,CAN,False,True,False,R,Y
474,5900000.0,28,72.0,191,6780.860000000001,130.0,100.0,62.0,232.0,62.0,285.74,73.39000000000001,1.0,7.0,685.98,217.0,65.0,9360.0,Center,0,SWE,False,False,False,L,Y
475,5000000.0,30,69.0,180,5811.64,139.0,112.0,175.0,466.0,175.0,249.98000000000002,85.97,5.0,0.0,6.42,86.0,14.0,9591.0,Center,QC,CAN,False,False,False,R,Y
476,1625000.0,27,72.0,199,2607.21,33.0,22.0,26.0,121.0,26.0,252.13,45.660000000000004,1.0,3.0,278.7,102.0,21.0,2376.0,Center,SK,CAN,False,False,False,L,Y
477,504322.0,28,73.0,195,4543.96,63.0,46.0,76.0,69.0,76.0,157.52,40.57,2.0,4.0,366.05999999999995,143.0,-10.0,4599.0,Center,0,SWE,False,False,False,L,Y
478,5200000.0,25,74.0,195,5359.9,93.0,36.0,89.0,96.0,89.0,100.0,30.050000000000004,4.0,1.0,100.09,282.0,14.0,6882.0,Defenseman,BC,CAN,False,False,False,L,Y
479,1000000.0,26,74.0,218,1933.6499999999999,18.0,21.0,108.0,715.0,108.0,114.28,28.43,0.0,0.0,5.800000000000001,44.0,-8.0,1332.0,Left Wing,QC,CAN,False,False,False,L,Y
480,1250000.0,28,74.0,205,2540.18,24.0,24.0,56.0,235.0,56.0,270.48,28.370000000000005,0.0,3.0,314.15999999999997,90.0,-9.0,1776.0,Left Wing,0,CZE,False,False,False,L,Y
481,4750000.0,25,76.0,220,3105.0600000000004,63.0,43.0,43.0,254.0,43.0,109.38,28.08,1.0,0.0,7.800000000000001,109.0,3.0,4788.0,Right Wing,NY,USA,False,False,False,R,Y
482,700000.0,24,74.0,217,12.06,0.0,0.0,0.0,2.0,0.0,100.0,0.0,0.0,0.0,0.0,0.0,0.0,0.0,Right Wing,MB,CAN,False,False,True,R,Y
483,750000.0,24,76.0,205,371.89,5.0,5.0,10.0,48.0,10.0,162.02,11.9,0.0,0.0,15.45,8.0,2.0,380.0,Center,QC,CAN,False,False,False,R,Y
484,874125.0,22,74.0,198,2087.12,35.0,26.0,57.0,120.0,57.0,101.82,21.54,1.0,0.0,3.5700000000000003,45.0,-7.0,2590.0,Center,MB,CAN,False,False,False,R,Y
485,874125.0,22,74.0,198,2087.12,35.0,26.0,57.0,120.0,57.0,101.82,21.54,1.0,0.0,3.5700000000000003,45.0,-7.0,2590.0,Center,MB,CAN,False,False,False,R,Y
486,700000.0,24,74.0,211,245.43,1.0,0.0,4.0,10.0,4.0,0.0,0.0,0.0,0.0,15.59,17.0,6.0,74.0,Defenseman,MB,CAN,False,False,True,R,Y
