,currentAge,height,weight,sal_14_15,sal_15_16,sal_16_17,sal_17_18,sal_18_19,sal_19_20,sal_20_21,total_timeOnIce,total_assists,total_goals,total_pim,total_shots,total_games,total_hits,total_powerPlayGoals,total_powerPlayPoints,total_powerPlayTimeOnIce,total_evenTimeOnIce,total_penaltyMinutes,total_faceOffPct,total_shotPct,total_gameWinningGoals,total_overTimeGoals,total_shortHandedGoals,total_shortHandedPoints,total_shortHandedTimeOnIce,total_blocked,total_plusMinus,total_points,total_shifts,total_timeOnIcePerGame,total_evenTimeOnIcePerGame,total_shortHandedTimeOnIcePerGame,total_powerPlayTimeOnIcePerGame
0,32,72.0,210,7000000.0,7000000.0,11000000.0,11000000.0,10000000.0,10000000.0,8000000.0,12478.5,239.0,73.0,495.0,1218.0,511.0,667.0,26.0,125.0,1746.23,9775.470000000001,495.0,33.33,41.86000000000001,14.0,2.0,1.0,3.0,955.5999999999999,706.0,15.0,312.0,14387.0,169.45,132.63,11.829999999999998,22.130000000000003
1,27,73.0,206,0.0,0.0,0.0,0.0,0.0,4500000.0,4700000.0,7060.6,95.0,15.0,104.0,349.0,347.0,175.0,5.0,23.0,456.46,5893.61,104.0,0.0,37.89,0.0,0.0,0.0,2.0,708.13,593.0,13.0,110.0,8756.0,137.84,117.6,12.81,6.159999999999999
2,26,74.0,205,0.0,0.0,0.0,2500000.0,3000000.0,4675000.0,4675000.0,8942.67,126.0,37.0,264.0,693.0,430.0,435.0,6.0,51.0,872.87,7647.61,264.0,0.0,30.810000000000002,5.0,0.0,0.0,1.0,419.78999999999996,394.0,-107.0,163.0,11175.0,123.85999999999999,105.79,5.16,10.87
3,27,71.0,192,0.0,0.0,0.0,0.0,0.0,1500000.0,1500000.0,3632.25,35.0,12.0,152.0,258.0,230.0,223.0,2.0,5.0,103.62,3431.6400000000003,152.0,0.0,31.65,6.0,0.0,0.0,0.0,94.19,283.0,-20.0,47.0,4842.0,92.88999999999999,87.21000000000001,2.02,1.58
4,26,70.0,190,0.0,0.0,0.0,0.0,0.0,3500000.0,3600000.0,3807.59,82.0,13.0,32.0,258.0,215.0,90.0,4.0,38.0,502.63,3277.71,32.0,0.0,15.879999999999999,3.0,0.0,0.0,0.0,26.450000000000003,211.0,-24.0,95.0,4752.0,52.739999999999995,45.67,0.22000000000000003,6.01
5,25,74.0,195,0.0,0.0,0.0,0.0,2500000.0,2500000.0,2500000.0,3492.64,48.0,48.0,318.0,577.0,268.0,343.0,6.0,10.0,288.23,3197.19,318.0,116.66,32.89,4.0,0.0,0.0,0.0,5.62,101.0,-56.0,96.0,4611.0,64.39,59.61,0.04,3.49
6,24,75.0,210,0.0,0.0,0.0,0.0,0.0,1750000.0,2000000.0,4046.9500000000003,71.0,37.0,78.0,394.0,266.0,255.0,14.0,32.0,432.11,3226.74,78.0,209.59,38.11,5.0,0.0,5.0,8.0,386.9,89.0,-34.0,108.0,5185.0,77.11,59.35,6.1,9.61
7,20,71.0,176,0.0,0.0,0.0,0.0,0.0,925000.0,925000.0,967.47,14.0,7.0,10.0,123.0,61.0,12.0,4.0,9.0,193.42,772.59,10.0,36.14,5.7,2.0,1.0,0.0,0.0,1.06,21.0,-26.0,21.0,1104.0,15.51,12.4,0.01,3.1
10,36,77.0,224,0.0,0.0,0.0,0.0,0.0,1800000.0,358618.0,8283.75,74.0,18.0,281.0,592.0,471.0,623.0,0.0,0.0,42.88999999999999,7181.760000000001,281.0,0.0,19.47,2.0,0.0,2.0,3.0,1056.3,510.0,19.0,92.0,10878.0,120.81,104.91999999999999,13.85,0.3400000000000001
11,36,74.0,185,5000000.0,6500000.0,6500000.0,6500000.0,6500000.0,5750000.0,1536639.0,9930.980000000001,160.0,97.0,188.0,797.0,520.0,457.0,27.0,70.0,1104.12,7583.410000000001,188.0,376.12,85.97,10.0,2.0,9.0,14.0,1240.6499999999999,242.0,-50.0,257.0,12498.0,131.9,99.86999999999999,14.819999999999999,12.739999999999998
13,33,71.0,215,0.0,0.0,3500000.0,5000000.0,4000000.0,3500000.0,2500000.0,6342.13,68.0,58.0,279.0,722.0,478.0,1685.0,3.0,5.0,241.43,5193.16,279.0,304.79,60.67000000000001,14.0,1.0,9.0,14.0,904.3399999999999,235.0,6.0,126.0,9451.0,91.05,74.98,12.02,2.79
14,32,72.0,186,0.0,0.0,0.0,0.0,2500000.0,2500000.0,2500000.0,7477.64,90.0,21.0,182.0,454.0,410.0,459.0,0.0,4.0,122.48,6533.049999999999,182.0,50.0,27.869999999999997,5.0,4.0,0.0,4.0,819.71,642.0,26.0,111.0,9563.0,107.96,93.63,10.860000000000001,0.9900000000000001
15,32,72.0,186,0.0,0.0,0.0,0.0,2500000.0,2500000.0,2500000.0,7477.64,90.0,21.0,182.0,454.0,410.0,459.0,0.0,4.0,122.48,6533.049999999999,182.0,50.0,27.869999999999997,5.0,4.0,0.0,4.0,819.71,642.0,26.0,111.0,9563.0,107.96,93.63,10.860000000000001,0.9900000000000001
16,31,73.0,200,0.0,0.0,0.0,0.0,7000000.0,6000000.0,5000000.0,9071.31,241.0,96.0,120.0,887.0,536.0,243.0,20.0,85.0,1153.5,7671.81,120.0,312.98,77.33000000000001,14.0,4.0,2.0,2.0,242.8,256.0,-31.0,337.0,11235.0,116.23,98.46000000000001,2.3499999999999996,13.35
17,31,71.0,187,0.0,0.0,0.0,0.0,0.0,7250000.0,4750000.0,9335.749999999998,205.0,157.0,122.0,1243.0,529.0,286.0,38.0,99.0,1347.76,7917.98,122.0,281.94,88.52,23.0,3.0,1.0,1.0,68.01,240.0,-36.0,362.0,11615.0,122.14,103.67999999999999,0.48,16.3
18,30,71.0,185,0.0,0.0,4500000.0,4500000.0,5000000.0,5000000.0,1135778.0,8026.919999999999,149.0,160.0,273.0,1233.0,491.0,712.0,57.0,112.0,1237.33,6580.11,273.0,261.19,90.47999999999999,25.0,5.0,1.0,1.0,206.68,263.0,-2.0,309.0,10172.0,112.62,91.62,1.65,16.07
19,30,74.0,203,0.0,0.0,0.0,0.0,0.0,3200000.0,493116.0,6060.5,93.0,79.0,252.0,680.0,444.0,721.0,10.0,23.0,566.4699999999999,5314.6,252.0,263.63,81.26,10.0,1.0,1.0,1.0,176.23000000000002,237.0,21.0,172.0,8099.0,91.39999999999999,81.39,1.8800000000000003,6.4399999999999995
20,30,71.0,195,0.0,0.0,2500000.0,3000000.0,3500000.0,3750000.0,4000000.0,6335.23,84.0,68.0,215.0,587.0,474.0,964.0,1.0,4.0,49.95,5284.74,215.0,354.68,79.25,12.0,0.0,9.0,16.0,996.9399999999998,378.0,21.0,152.0,9410.0,92.77000000000001,76.66,13.649999999999999,0.39999999999999997
21,29,76.0,212,0.0,0.0,0.0,0.0,0.0,8000000.0,5200000.0,8839.27,145.0,150.0,205.0,1154.0,548.0,432.0,27.0,56.0,1132.83,7252.14,205.0,326.07,90.94000000000001,22.0,6.0,1.0,2.0,451.90000000000003,339.0,9.0,295.0,11553.0,111.05000000000001,91.65,3.91,12.64
22,28,77.0,220,0.0,0.0,0.0,0.0,1100000.0,1200000.0,1200000.0,4196.68,40.0,14.0,219.0,310.0,229.0,344.0,0.0,0.0,11.22,3744.95,219.0,0.0,42.53,1.0,0.0,1.0,3.0,438.51,408.0,12.0,54.0,5229.0,103.86,94.07000000000001,8.509999999999998,0.41000000000000003
23,26,75.0,205,0.0,0.0,0.0,875000.0,1100000.0,1925000.0,2500000.0,4657.849999999999,49.0,12.0,78.0,313.0,247.0,419.0,0.0,2.0,39.38,4148.9400000000005,78.0,0.0,16.88,1.0,0.0,0.0,3.0,467.53000000000003,425.0,27.0,61.0,5766.0,92.44,81.67,8.13,0.6000000000000001
24,27,77.0,235,0.0,0.0,0.0,0.0,1000000.0,1000000.0,1000000.0,629.88,7.0,7.0,167.0,47.0,74.0,188.0,0.0,0.0,1.83,625.55,167.0,120.0,42.92,0.0,0.0,0.0,0.0,0.9,26.0,4.0,14.0,883.0,40.5,38.57,0.28,1.24
25,25,75.0,200,0.0,0.0,0.0,0.0,0.0,700000.0,700000.0,1017.46,10.0,7.0,14.0,94.0,85.0,92.0,0.0,0.0,24.31,991.6999999999999,14.0,71.42,15.620000000000001,2.0,0.0,0.0,0.0,0.25,30.0,-5.0,17.0,1345.0,36.74,34.93,0.0,1.3800000000000001
26,24,71.0,182,0.0,0.0,0.0,0.0,0.0,1800000.0,2400000.0,4249.89,61.0,66.0,49.0,521.0,286.0,334.0,7.0,18.0,354.17,3793.13,49.0,199.62,49.96,11.0,2.0,1.0,1.0,100.99,126.0,-7.0,127.0,5341.0,58.85,51.849999999999994,0.86,3.71
27,25,70.0,184,0.0,0.0,0.0,0.0,0.0,12000000.0,10570000.0,357.24,3.0,1.0,6.0,24.0,22.0,10.0,1.0,1.0,21.24,335.53,6.0,0.0,4.17,0.0,0.0,0.0,0.0,0.07,14.0,-5.0,4.0,434.0,16.14,15.16,0.0,0.58
28,28,74.0,208,0.0,0.0,0.0,6000000.0,5500000.0,5350000.0,5150000.0,8908.66,194.0,169.0,147.0,1262.0,497.0,678.0,53.0,115.0,1344.04,6965.7699999999995,147.0,346.95000000000005,92.11,24.0,5.0,7.0,10.0,596.45,303.0,-34.0,363.0,11789.0,124.21,96.46,7.1000000000000005,17.0
29,28,74.0,203,0.0,0.0,0.0,0.0,0.0,198399.0,850000.0,3369.3,47.0,26.0,252.0,321.0,276.0,442.0,0.0,2.0,74.34,2923.5099999999998,252.0,280.5,34.29,8.0,0.0,2.0,5.0,369.85,193.0,-3.0,73.0,5040.0,69.46,61.190000000000005,5.09,0.7000000000000001
30,28,74.0,203,0.0,0.0,0.0,0.0,0.0,198399.0,850000.0,3369.3,47.0,26.0,252.0,321.0,276.0,442.0,0.0,2.0,74.34,2923.5099999999998,252.0,280.5,34.29,8.0,0.0,2.0,5.0,369.85,193.0,-3.0,73.0,5040.0,69.46,61.190000000000005,5.09,0.7000000000000001
31,27,75.0,209,0.0,0.0,0.0,0.0,0.0,12000000.0,10000000.0,10917.8,157.0,49.0,358.0,1015.0,478.0,812.0,10.0,46.0,833.3,8759.74,358.0,0.0,34.440000000000005,6.0,2.0,3.0,10.0,1322.76,946.0,25.0,206.0,12835.0,158.42000000000002,127.44,17.65,10.490000000000002
32,26,75.0,197,0.0,0.0,0.0,0.0,0.0,3000000.0,3500000.0,3776.63,88.0,59.0,70.0,458.0,247.0,208.0,17.0,41.0,555.0899999999999,3214.2900000000004,70.0,85.75,53.28999999999999,6.0,0.0,0.0,0.0,5.65,85.0,-5.0,147.0,4907.0,59.8,50.870000000000005,0.04,7.66
33,29,71.0,170,0.0,0.0,0.0,0.0,0.0,14000000.0,13000000.0,7697.91,267.0,148.0,122.0,1026.0,391.0,123.0,37.0,104.0,1201.47,6485.55,122.0,95.0,72.52999999999999,29.0,7.0,0.0,0.0,9.29,82.0,99.0,415.0,8824.0,97.53,82.17,0.05,14.05
34,23,71.0,181,0.0,0.0,0.0,0.0,0.0,925000.0,925000.0,1323.18,34.0,8.0,32.0,125.0,70.0,35.0,1.0,13.0,138.46,1175.28,32.0,0.0,6.4,4.0,0.0,0.0,0.0,9.04,92.0,22.0,42.0,1636.0,18.54,16.47,0.07,1.58
35,20,75.0,199,0.0,0.0,0.0,0.0,0.0,925000.0,688191.0,942.24,13.0,10.0,14.0,109.0,66.0,20.0,2.0,13.0,147.01,794.09,14.0,33.33,9.2,3.0,1.0,0.0,0.0,1.14,11.0,-26.0,23.0,1179.0,14.16,12.01,0.01,2.13
36,33,71.0,185,10000000.0,9000000.0,9000000.0,9000000.0,9000000.0,8000000.0,7200000.0,11249.55,358.0,166.0,245.0,1561.0,556.0,454.0,50.0,211.0,1969.5099999999998,8732.4,245.0,398.40999999999997,75.62,30.0,9.0,3.0,6.0,545.64,196.0,25.0,524.0,14394.0,140.04999999999998,108.66,4.8999999999999995,23.219999999999995
37,31,74.0,214,0.0,0.0,10000000.0,10000000.0,9250000.0,9250000.0,6250000.0,10088.08,338.0,128.0,300.0,1492.0,548.0,212.0,38.0,172.0,1837.4600000000003,8229.85,300.0,323.85,60.199999999999996,18.0,8.0,0.0,0.0,17.97,186.0,-9.0,466.0,12830.0,127.58999999999999,103.78,0.10999999999999999,22.019999999999996
38,30,70.0,180,0.0,0.0,0.0,0.0,0.0,7700000.0,5300000.0,9884.85,170.0,65.0,160.0,906.0,463.0,369.0,14.0,49.0,962.61,8122.629999999999,160.0,0.0,50.400000000000006,14.0,2.0,3.0,8.0,797.2099999999999,742.0,110.0,235.0,12108.0,149.23000000000002,122.46000000000001,11.11,14.009999999999998
39,29,77.0,216,0.0,0.0,0.0,0.0,0.0,9000000.0,7500000.0,7206.860000000001,155.0,115.0,134.0,890.0,450.0,342.0,18.0,44.0,627.52,5997.779999999999,134.0,267.89,77.55,19.0,3.0,10.0,17.0,579.9599999999999,159.0,22.0,270.0,9850.0,95.53999999999999,78.91,7.12,7.45
40,28,75.0,211,0.0,0.0,3750000.0,4000000.0,4250000.0,4500000.0,4750000.0,10369.97,221.0,139.0,231.0,1187.0,524.0,382.0,22.0,62.0,1177.05,8001.57,231.0,369.25,79.29,20.0,4.0,3.0,10.0,1188.5500000000002,270.0,82.0,360.0,13436.0,136.81,105.19,14.169999999999998,14.18
41,27,73.0,190,0.0,0.0,0.0,0.0,0.0,2300000.0,2300000.0,3988.3100000000004,62.0,44.0,172.0,452.0,316.0,528.0,0.0,1.0,39.8,3514.86,172.0,306.18,48.25,3.0,0.0,1.0,3.0,431.65000000000003,139.0,-11.0,106.0,5680.0,72.77,65.09,5.58,0.44
42,28,71.0,180,0.0,0.0,0.0,6000000.0,6000000.0,5250000.0,3250000.0,6774.38,148.0,51.0,123.0,826.0,340.0,183.0,22.0,97.0,1213.73,5532.37,123.0,100.0,32.4,11.0,6.0,0.0,0.0,26.28,409.0,-29.0,199.0,8185.0,110.56,90.10000000000001,0.21,18.61
43,25,75.0,181,0.0,0.0,0.0,0.0,0.0,3250000.0,3250000.0,3757.21,51.0,19.0,74.0,303.0,200.0,113.0,2.0,9.0,160.07999999999998,3403.01,74.0,0.0,17.52,2.0,1.0,0.0,0.0,192.92000000000002,247.0,-6.0,70.0,4888.0,54.769999999999996,49.34,2.07,1.72
44,24,70.0,175,0.0,0.0,0.0,0.0,0.0,4000000.0,5000000.0,4553.719999999999,102.0,83.0,163.0,633.0,299.0,317.0,13.0,38.0,553.8499999999999,3994.5899999999997,163.0,114.12,52.019999999999996,12.0,3.0,0.0,0.0,3.6799999999999997,154.0,10.0,185.0,6018.0,60.22,52.43,0.02,6.539999999999999
45,24,73.0,201,0.0,0.0,0.0,0.0,0.0,6750000.0,4750000.0,7555.639999999999,90.0,43.0,110.0,659.0,315.0,466.0,9.0,28.0,621.46,6061.58,110.0,0.0,25.63,7.0,1.0,0.0,1.0,871.0,595.0,5.0,133.0,9103.0,95.23,76.16,9.81,7.220000000000001
46,21,72.0,164,0.0,0.0,0.0,0.0,0.0,808660.0,925000.0,733.29,13.0,8.0,39.0,81.0,52.0,31.0,1.0,2.0,70.27,649.1,39.0,30.0,9.9,1.0,0.0,0.0,0.0,13.52,18.0,6.0,21.0,1013.0,14.06,12.29,0.16,1.21
47,36,75.0,219,6750000.0,7000000.0,7000000.0,6500000.0,5000000.0,3000000.0,448266.0,8609.08,168.0,154.0,213.0,1407.0,476.0,492.0,46.0,90.0,1258.49,6659.17,213.0,363.58,78.17,35.0,10.0,6.0,9.0,688.6200000000001,202.0,-2.0,322.0,11089.0,124.54,96.1,8.8,17.18
48,33,71.0,200,12000000.0,12000000.0,10900000.0,10900000.0,10000000.0,9000000.0,9600000.0,10608.27,374.0,224.0,256.0,1575.0,514.0,471.0,70.0,202.0,1896.5700000000002,8523.660000000002,256.0,366.34000000000003,99.83,35.0,11.0,0.0,2.0,186.04,215.0,69.0,598.0,12949.0,142.12,114.64999999999998,1.49,24.32
49,32,72.0,190,0.0,0.0,0.0,0.0,1200000.0,1200000.0,1200000.0,6019.599999999999,81.0,59.0,108.0,850.0,452.0,539.0,4.0,13.0,237.98999999999998,4999.8,108.0,300.80999999999995,50.989999999999995,8.0,0.0,4.0,8.0,779.4099999999999,372.0,-6.0,140.0,8539.0,92.29,76.87,10.309999999999999,3.45
50,29,76.0,207,0.0,0.0,0.0,4100000.0,4100000.0,4100000.0,4100000.0,7006.3,71.0,11.0,94.0,422.0,347.0,488.0,0.0,5.0,135.57,6183.8,94.0,100.0,37.11,1.0,0.0,1.0,5.0,684.93,480.0,55.0,82.0,9516.0,135.8,118.73,10.86,3.71
51,29,71.0,192,0.0,0.0,0.0,0.0,5000000.0,1848110.0,4800000.0,7107.7699999999995,114.0,134.0,163.0,1041.0,445.0,459.0,24.0,48.0,642.77,6250.279999999999,163.0,215.42999999999998,90.63,24.0,2.0,3.0,5.0,211.92,207.0,18.0,248.0,8913.0,107.93999999999998,95.46,2.3000000000000003,8.1
52,29,71.0,192,0.0,0.0,0.0,0.0,3500000.0,3500000.0,3500000.0,4796.97,92.0,78.0,104.0,627.0,308.0,471.0,10.0,22.0,244.72,4169.200000000001,104.0,144.13,63.699999999999996,13.0,4.0,5.0,10.0,379.84999999999997,189.0,37.0,170.0,6808.0,88.69000000000001,77.48,4.77,3.58
53,31,71.0,191,0.0,0.0,0.0,0.0,0.0,700000.0,700000.0,2618.7999999999997,18.0,7.0,44.0,218.0,163.0,246.0,0.0,4.0,60.300000000000004,2394.62,44.0,0.0,16.48,1.0,0.0,0.0,0.0,162.28,143.0,-4.0,25.0,3616.0,108.34,98.96,4.82,3.2899999999999996
54,26,71.0,180,0.0,0.0,0.0,0.0,0.0,7000000.0,5000000.0,4377.58,102.0,98.0,92.0,606.0,243.0,354.0,20.0,36.0,496.56,3811.96,92.0,178.2,65.94,9.0,2.0,1.0,1.0,67.85999999999999,130.0,22.0,200.0,5601.0,71.4,62.150000000000006,0.56,7.85
55,24,73.0,194,0.0,0.0,0.0,0.0,0.0,4400000.0,2860000.0,3030.27,49.0,41.0,55.0,375.0,202.0,238.0,1.0,6.0,164.7,2572.33,55.0,77.61,44.010000000000005,6.0,2.0,5.0,5.0,291.64,48.0,6.0,90.0,4218.0,67.84,58.86999999999999,5.02,3.0999999999999996
56,24,73.0,181,0.0,0.0,0.0,0.0,0.0,925000.0,925000.0,1133.35,20.0,6.0,20.0,61.0,56.0,72.0,1.0,4.0,42.05,977.56,20.0,0.0,9.8,0.0,0.0,0.0,0.0,113.34,77.0,17.0,26.0,1495.0,20.14,17.27,2.01,0.45
59,35,73.0,195,8750000.0,8750000.0,8750000.0,8750000.0,6875000.0,4375000.0,4375000.0,9614.65,237.0,199.0,244.0,1693.0,510.0,377.0,61.0,135.0,1442.1599999999999,7195.8099999999995,244.0,407.81,84.78,38.0,3.0,10.0,23.0,973.48,368.0,131.0,436.0,12569.0,130.38,97.53,11.54,18.03
60,35,72.0,188,0.0,7250000.0,7250000.0,7500000.0,7500000.0,7000000.0,7000000.0,8900.66,261.0,116.0,165.0,881.0,487.0,289.0,32.0,102.0,1184.31,7456.24,165.0,356.62999999999994,92.07000000000001,22.0,3.0,1.0,4.0,256.90999999999997,284.0,69.0,377.0,10499.0,126.51999999999998,105.8,2.56,15.68
61,33,69.0,181,0.0,0.0,5000000.0,8000000.0,8000000.0,7500000.0,5000000.0,9847.28,290.0,223.0,571.0,1403.0,533.0,399.0,41.0,121.0,1162.78,7785.32,571.0,264.74,111.52999999999999,46.0,15.0,19.0,33.0,896.3800000000001,184.0,145.0,513.0,12445.0,127.78,100.52999999999999,10.26,14.120000000000001
62,29,78.0,205,0.0,0.0,0.0,0.0,0.0,342433.0,422380.0,1083.63,8.0,1.0,110.0,38.0,73.0,155.0,0.0,0.0,2.7699999999999996,966.7,110.0,0.0,5.0,0.0,0.0,0.0,1.0,112.95999999999998,92.0,-13.0,9.0,1424.0,56.88,50.8,5.15,0.09
63,28,74.0,213,0.0,0.0,0.0,0.0,1300000.0,1475000.0,1050000.0,2886.36,39.0,20.0,114.0,374.0,223.0,426.0,0.0,1.0,10.819999999999999,2580.95,114.0,182.39999999999998,16.75,4.0,1.0,0.0,2.0,293.39,89.0,-2.0,59.0,3977.0,47.89,43.650000000000006,3.72,0.09
67,33,72.0,220,0.0,0.0,8000000.0,8000000.0,6000000.0,6000000.0,6000000.0,8332.029999999999,197.0,124.0,247.0,1138.0,481.0,451.0,39.0,112.0,1391.3000000000002,6897.02,247.0,334.78999999999996,75.99,18.0,4.0,0.0,0.0,41.31,198.0,-74.0,321.0,9846.0,119.27000000000001,98.97,0.32,17.9
68,29,71.0,197,0.0,0.0,0.0,0.0,0.0,10000000.0,10000000.0,9053.039999999999,140.0,194.0,194.0,1776.0,532.0,218.0,38.0,77.0,1290.86,7752.12,194.0,303.0,75.01,29.0,5.0,0.0,0.0,7.260000000000001,124.0,-92.0,334.0,11314.0,117.75999999999999,100.62999999999998,0.03,16.21
69,28,73.0,199,0.0,0.0,0.0,0.0,3875000.0,3875000.0,3875000.0,5363.89,87.0,23.0,213.0,531.0,301.0,504.0,7.0,40.0,575.99,4635.219999999999,213.0,100.0,21.38,3.0,1.0,0.0,1.0,151.08,240.0,-13.0,110.0,6789.0,86.61,75.05999999999999,1.2899999999999998,8.21
70,26,76.0,221,0.0,0.0,5310000.0,5400000.0,5400000.0,5400000.0,5400000.0,11850.09,185.0,42.0,255.0,1053.0,493.0,1162.0,13.0,104.0,1382.9999999999998,9337.980000000001,255.0,100.0,28.900000000000002,6.0,4.0,0.0,2.0,1126.31,780.0,-145.0,227.0,13692.0,164.01,130.14000000000001,14.07,18.16
71,21,75.0,207,0.0,0.0,0.0,0.0,925000.0,925000.0,925000.0,2872.71,71.0,13.0,72.0,267.0,141.0,169.0,7.0,39.0,431.59000000000003,2421.89,72.0,0.0,9.48,5.0,0.0,0.0,0.0,18.03,117.0,-20.0,84.0,3122.0,40.260000000000005,33.58,0.14,5.72
72,36,76.0,195,0.0,0.0,0.0,0.0,0.0,3500000.0,1112066.0,10178.11,226.0,168.0,287.0,1453.0,550.0,355.0,36.0,98.0,1456.6399999999999,8374.65,287.0,357.92,82.82,27.0,1.0,5.0,10.0,343.22,226.0,-19.0,394.0,12649.0,127.99,105.45,3.3400000000000003,17.11
73,30,70.0,173,0.0,0.0,0.0,1074610.0,5500000.0,5500000.0,4200000.0,8710.16,178.0,161.0,212.0,1231.0,548.0,560.0,44.0,83.0,1267.46,7430.51,212.0,261.5,91.47,27.0,2.0,0.0,0.0,9.39,163.0,21.0,339.0,11810.0,110.26999999999998,93.66999999999999,0.05,15.28
74,28,75.0,212,0.0,0.0,0.0,0.0,0.0,2800000.0,2400000.0,4294.04,56.0,55.0,96.0,580.0,295.0,476.0,5.0,16.0,405.98,3493.0800000000004,96.0,143.10999999999999,46.08,8.0,0.0,9.0,13.0,392.58000000000004,135.0,-1.0,111.0,5919.0,86.6,73.07,5.49,5.58
75,28,73.0,200,0.0,0.0,0.0,0.0,3000000.0,3000000.0,3250000.0,5586.27,125.0,50.0,154.0,564.0,339.0,397.0,1.0,12.0,260.65,4721.79,154.0,292.08,42.82999999999999,8.0,1.0,1.0,4.0,601.8299999999999,215.0,35.0,175.0,7796.0,89.4,75.62,7.569999999999999,4.16
76,26,71.0,178,0.0,0.0,0.0,0.0,0.0,2400000.0,2400000.0,4454.5,53.0,54.0,84.0,638.0,291.0,383.0,5.0,8.0,251.56,3713.56,84.0,159.12,34.260000000000005,11.0,0.0,3.0,3.0,488.18000000000006,125.0,0.0,107.0,6242.0,60.379999999999995,50.23,5.98,2.5300000000000002
79,33,76.0,199,0.0,0.0,5750000.0,5000000.0,5000000.0,4000000.0,3000000.0,7891.52,120.0,121.0,114.0,835.0,473.0,181.0,29.0,50.0,955.61,6297.84,114.0,324.57,102.15,23.0,4.0,7.0,11.0,635.67,246.0,-25.0,241.0,10239.0,114.29,91.24000000000001,8.24,12.76
80,29,72.0,190,0.0,0.0,0.0,0.0,0.0,3250000.0,2534496.0,5008.75,93.0,74.0,135.0,539.0,332.0,275.0,14.0,31.0,557.78,4427.99,135.0,194.92999999999998,65.88,9.0,2.0,1.0,1.0,22.18,107.0,-12.0,167.0,6392.0,71.56,63.66,0.18000000000000002,6.879999999999999
81,25,73.0,204,0.0,0.0,0.0,0.0,0.0,700000.0,241360.0,1668.07,21.0,16.0,24.0,164.0,148.0,55.0,1.0,6.0,153.95,1502.2399999999998,24.0,134.89,36.61,0.0,0.0,0.0,0.0,10.680000000000001,44.0,-14.0,37.0,2283.0,32.309999999999995,28.879999999999995,0.09999999999999999,2.11
82,24,73.0,197,0.0,0.0,0.0,0.0,0.0,4000000.0,4000000.0,2415.52,47.0,23.0,71.0,231.0,155.0,82.0,6.0,12.0,299.39,2097.7,71.0,161.5,28.11,3.0,1.0,0.0,0.0,16.83,81.0,-35.0,70.0,3212.0,58.15,51.209999999999994,0.15,5.96
83,29,74.0,199,0.0,0.0,0.0,4500000.0,4500000.0,4500000.0,4500000.0,6081.09,62.0,13.0,109.0,295.0,281.0,536.0,1.0,12.0,191.10999999999999,5166.719999999999,109.0,0.0,18.86,1.0,0.0,0.0,1.0,722.06,542.0,-20.0,75.0,7855.0,86.51,73.52,9.09,2.2600000000000002
84,22,73.0,201,0.0,0.0,0.0,0.0,0.0,271540.0,925000.0,53.45,0.0,0.0,0.0,9.0,3.0,3.0,0.0,0.0,8.24,45.21,0.0,61.22,0.0,0.0,0.0,0.0,0.0,0.0,2.0,2.0,0.0,69.0,17.55,15.07,0.0,2.48
85,21,76.0,211,0.0,0.0,0.0,0.0,925000.0,925000.0,925000.0,2481.66,46.0,43.0,181.0,473.0,142.0,477.0,6.0,18.0,365.96000000000004,2108.44,181.0,95.14,18.38,6.0,2.0,0.0,0.0,6.460000000000001,69.0,-24.0,89.0,3220.0,34.57,29.009999999999998,0.04,4.6899999999999995
86,33,72.0,211,0.0,5500000.0,5500000.0,5500000.0,5500000.0,5500000.0,1280178.0,9146.66,170.0,129.0,410.0,1036.0,512.0,1281.0,31.0,78.0,1159.85,7526.88,410.0,339.19000000000005,85.96,19.0,2.0,0.0,1.0,456.73,351.0,13.0,299.0,11546.0,123.32999999999998,101.69000000000001,4.93,14.239999999999998
88,30,73.0,215,0.0,0.0,0.0,0.0,15900000.0,15900000.0,12000000.0,10509.850000000002,287.0,233.0,246.0,1716.0,523.0,285.0,64.0,163.0,1697.5800000000002,8575.529999999999,246.0,368.59000000000003,94.44000000000001,35.0,11.0,3.0,6.0,233.94,223.0,9.0,520.0,12071.0,139.29999999999998,113.37,2.15,22.11
89,29,73.0,211,0.0,0.0,0.0,2000000.0,2000000.0,2500000.0,2500000.0,5242.76,81.0,71.0,173.0,591.0,302.0,411.0,3.0,6.0,103.59,4409.860000000001,173.0,205.52999999999997,61.739999999999995,10.0,0.0,7.0,8.0,726.91,168.0,53.0,152.0,7176.0,85.24,71.75999999999999,9.91,1.55
90,27,73.0,219,0.0,0.0,5000000.0,5000000.0,5000000.0,5000000.0,5000000.0,11197.87,216.0,54.0,127.0,1110.0,517.0,445.0,9.0,87.0,1050.6299999999999,9433.08,127.0,0.0,31.060000000000002,8.0,4.0,1.0,1.0,711.76,702.0,-40.0,270.0,14533.0,151.35,126.85999999999999,8.66,12.55
91,26,70.0,185,0.0,0.0,0.0,0.0,0.0,5000000.0,3600000.0,3182.04,70.0,43.0,98.0,285.0,222.0,112.0,10.0,36.0,438.94,2720.0299999999997,98.0,145.01999999999998,46.59,2.0,0.0,0.0,0.0,21.87,105.0,-18.0,113.0,4143.0,42.24,36.15,0.19,5.470000000000001
92,25,72.0,196,0.0,0.0,0.0,0.0,8774193.0,9000000.0,6000000.0,5100.15,135.0,86.0,74.0,759.0,307.0,76.0,25.0,64.0,711.4000000000001,4381.849999999999,74.0,245.84,56.629999999999995,18.0,3.0,0.0,0.0,4.9,67.0,12.0,221.0,6745.0,82.03,69.66,0.03,10.68
93,24,72.0,175,0.0,0.0,0.0,0.0,0.0,16000000.0,15000000.0,5534.39,208.0,83.0,102.0,757.0,300.0,125.0,21.0,93.0,764.97,4514.27,102.0,181.01,43.699999999999996,14.0,1.0,1.0,4.0,253.95,144.0,27.0,291.0,7030.0,73.53,59.85,3.41,9.809999999999999
94,23,75.0,220,0.0,0.0,0.0,0.0,0.0,15910000.0,15910000.0,5297.98,127.0,158.0,46.0,1007.0,282.0,105.0,37.0,79.0,732.15,4558.09,46.0,208.45999999999998,63.459999999999994,23.0,5.0,0.0,0.0,6.94,242.0,37.0,285.0,6606.0,74.35,63.67,0.05,9.799999999999999
96,31,74.0,203,0.0,0.0,0.0,0.0,0.0,3650000.0,3900000.0,11031.82,193.0,42.0,197.0,783.0,532.0,528.0,7.0,75.0,1177.2500000000002,9690.659999999998,197.0,100.0,36.39,7.0,4.0,1.0,2.0,160.71,529.0,-13.0,235.0,13749.0,143.13,125.85999999999997,1.2,13.98
97,28,74.0,218,0.0,0.0,0.0,4600000.0,2612880.0,5850000.0,4250000.0,8082.45,152.0,135.0,269.0,1069.0,537.0,783.0,35.0,67.0,1002.55,7031.249999999999,269.0,221.9,87.54999999999998,19.0,2.0,1.0,1.0,45.85,153.0,47.0,287.0,10486.0,104.34999999999998,89.68,0.33000000000000007,11.860000000000001
98,28,70.0,183,0.0,0.0,3750000.0,4500000.0,5250000.0,1157266.0,3500000.0,8004.719999999999,172.0,112.0,274.0,1117.0,427.0,779.0,25.0,74.0,1066.4,6398.71,274.0,354.0400000000001,70.33,14.0,2.0,7.0,9.0,538.0100000000001,256.0,-26.0,284.0,9900.0,127.50999999999999,102.39,7.41,14.829999999999998
99,28,78.0,229,0.0,5500000.0,5500000.0,5750000.0,5750000.0,6000000.0,6000000.0,10445.899999999998,192.0,91.0,341.0,1413.0,510.0,620.0,24.0,82.0,1204.0900000000001,8833.29,341.0,33.33,45.09,20.0,5.0,0.0,2.0,405.72,540.0,48.0,283.0,13224.0,143.01,119.56999999999998,4.93,15.24
100,27,75.0,210,0.0,0.0,0.0,0.0,5700000.0,969896.0,4200000.0,6287.45,88.0,25.0,174.0,551.0,314.0,566.0,0.0,13.0,236.47,5537.719999999999,174.0,100.0,18.7,3.0,1.0,1.0,4.0,509.65999999999997,414.0,-29.0,113.0,8236.0,97.27,84.66000000000001,8.23,2.73
101,26,71.0,191,0.0,0.0,0.0,0.0,0.0,6250000.0,4250000.0,7147.04,198.0,91.0,72.0,909.0,428.0,142.0,24.0,90.0,994.98,5893.999999999999,72.0,307.47,57.7,11.0,2.0,2.0,10.0,256.06,153.0,54.0,289.0,9307.0,111.05,92.86,2.46,13.26
102,28,72.0,196,0.0,0.0,0.0,0.0,0.0,1850000.0,2150000.0,5359.21,60.0,43.0,163.0,528.0,374.0,515.0,1.0,3.0,79.16,4553.259999999999,163.0,330.87,38.480000000000004,11.0,0.0,3.0,9.0,725.19,221.0,-45.0,103.0,7713.0,81.36000000000001,69.77000000000001,8.959999999999999,0.6
103,27,72.0,187,0.0,0.0,0.0,0.0,0.0,1900000.0,2300000.0,4148.14,50.0,43.0,75.0,474.0,308.0,473.0,2.0,3.0,57.32,3595.3300000000004,75.0,152.02,47.150000000000006,3.0,0.0,4.0,5.0,494.28999999999996,111.0,-31.0,93.0,6001.0,64.28999999999999,55.99,6.17,0.5
104,27,75.0,207,0.0,0.0,0.0,0.0,5500000.0,5500000.0,3900000.0,8576.2,122.0,29.0,58.0,628.0,377.0,236.0,6.0,20.0,389.53999999999996,7176.19,58.0,0.0,22.200000000000003,5.0,2.0,2.0,8.0,1008.0699999999999,674.0,55.0,151.0,10001.0,112.46,94.19000000000001,12.780000000000001,3.44
105,27,72.0,204,0.0,0.0,0.0,0.0,0.0,1650000.0,1194832.0,4609.08,38.0,47.0,345.0,439.0,377.0,966.0,0.0,1.0,27.17,3973.65,345.0,349.1,62.81999999999999,7.0,0.0,6.0,7.0,605.06,281.0,-2.0,85.0,6445.0,86.58,76.00999999999999,8.65,0.25
106,23,72.0,176,0.0,0.0,0.0,0.0,0.0,12000000.0,10570000.0,5746.389999999999,142.0,121.0,102.0,863.0,310.0,236.0,25.0,74.0,829.37,4681.32,102.0,188.49,56.46,20.0,4.0,9.0,12.0,233.7,85.0,38.0,263.0,7151.0,73.36,59.809999999999995,2.69,10.03
107,21,74.0,195,0.0,0.0,0.0,0.0,1110000.0,832500.0,832500.0,2339.13,54.0,44.0,116.0,372.0,150.0,239.0,6.0,25.0,357.64,1978.56,116.0,14.28,23.68,8.0,2.0,0.0,0.0,2.13,53.0,9.0,98.0,3110.0,30.82,25.88,0.0,4.109999999999999
108,25,76.0,215,0.0,0.0,0.0,9000000.0,7000000.0,9000000.0,6000000.0,10311.31,141.0,71.0,275.0,1093.0,458.0,501.0,23.0,57.0,1047.55,8606.349999999999,275.0,0.0,38.83,16.0,4.0,1.0,2.0,655.0100000000001,494.0,29.0,212.0,12144.0,133.33999999999997,111.58000000000001,7.5,12.190000000000001
110,34,71.0,189,0.0,0.0,0.0,0.0,5300000.0,5300000.0,5300000.0,8016.609999999998,163.0,154.0,250.0,1560.0,483.0,945.0,56.0,105.0,1500.08,6503.02,250.0,250.14999999999998,69.19,24.0,1.0,0.0,0.0,10.31,322.0,52.0,317.0,10537.0,114.0,91.97,0.06,20.69
111,28,73.0,202,0.0,0.0,4000000.0,6200000.0,6200000.0,6200000.0,5300000.0,8752.7,272.0,134.0,233.0,1119.0,488.0,361.0,32.0,119.0,1409.16,7264.080000000001,233.0,303.98,81.94,17.0,2.0,1.0,1.0,77.05999999999999,203.0,9.0,406.0,10717.0,123.55000000000001,102.94999999999999,0.6,18.33
112,25,75.0,215,0.0,925000.0,4500000.0,5250000.0,6250000.0,6900000.0,4750000.0,9528.24,252.0,155.0,84.0,1157.0,479.0,212.0,43.0,111.0,1448.0,7460.64,84.0,352.15,92.50999999999999,27.0,4.0,6.0,9.0,616.4,294.0,32.0,407.0,11633.0,137.08,106.54,7.52,19.34
113,25,73.0,195,0.0,0.0,0.0,0.0,0.0,2550000.0,571558.0,5169.9400000000005,65.0,63.0,300.0,613.0,364.0,599.0,12.0,22.0,507.67999999999995,4492.32,300.0,270.5,52.00999999999999,5.0,0.0,0.0,1.0,167.54,152.0,-53.0,128.0,6918.0,85.38,75.48,1.6500000000000001,6.199999999999999
114,25,73.0,195,0.0,0.0,0.0,0.0,0.0,2550000.0,571558.0,5169.9400000000005,65.0,63.0,300.0,613.0,364.0,599.0,12.0,22.0,507.67999999999995,4492.32,300.0,270.5,52.00999999999999,5.0,0.0,0.0,1.0,167.54,152.0,-53.0,128.0,6918.0,85.38,75.48,1.6500000000000001,6.199999999999999
115,27,71.0,197,0.0,0.0,0.0,0.0,0.0,2500000.0,2500000.0,3723.94,47.0,65.0,130.0,657.0,274.0,404.0,8.0,15.0,348.05,3283.78,130.0,150.67000000000002,47.86,7.0,1.0,2.0,2.0,90.11,171.0,-21.0,112.0,5108.0,64.7,57.63,1.19,4.640000000000001
116,29,70.0,209,0.0,0.0,0.0,0.0,0.0,2000000.0,1500000.0,3250.5699999999997,20.0,38.0,101.0,315.0,246.0,626.0,0.0,0.0,14.689999999999998,2842.84,101.0,224.79999999999998,48.04,7.0,0.0,2.0,2.0,391.44,189.0,-8.0,58.0,4414.0,60.449999999999996,54.08,6.15,0.16
117,27,73.0,187,0.0,0.0,0.0,0.0,2500000.0,2500000.0,2500000.0,3852.74,43.0,17.0,30.0,291.0,244.0,193.0,1.0,3.0,69.67,3763.33,30.0,0.0,23.339999999999996,2.0,0.0,0.0,0.0,18.139999999999997,172.0,25.0,60.0,5061.0,62.08,60.790000000000006,0.13,0.71
118,32,73.0,215,0.0,0.0,0.0,0.0,0.0,8400000.0,5460000.0,11375.199999999999,188.0,51.0,194.0,868.0,493.0,548.0,9.0,61.0,931.1499999999999,9058.24,194.0,100.0,38.27,8.0,1.0,4.0,14.0,1384.2099999999998,993.0,133.0,239.0,13923.0,159.64000000000004,126.92,18.68,11.180000000000001
119,30,68.0,185,0.0,0.0,0.0,5000000.0,6750000.0,5500000.0,3750000.0,8888.83,183.0,150.0,166.0,1143.0,520.0,371.0,28.0,85.0,1196.87,7046.530000000001,166.0,345.06,92.03,29.0,5.0,8.0,9.0,642.2300000000001,229.0,82.0,333.0,11389.0,117.65,93.22,7.47,14.489999999999998
120,30,78.0,241,0.0,0.0,4250000.0,8000000.0,8000000.0,8000000.0,8000000.0,11927.359999999997,295.0,89.0,315.0,1184.0,504.0,563.0,19.0,142.0,1473.07,9327.54,315.0,50.0,53.11000000000001,17.0,5.0,0.0,10.0,1124.35,780.0,124.0,384.0,13321.0,164.0,127.53000000000002,14.98,19.43
121,30,72.0,194,0.0,0.0,0.0,5600000.0,6855000.0,5300000.0,3445000.0,8332.77,216.0,108.0,151.0,920.0,482.0,848.0,22.0,69.0,1023.28,6663.53,151.0,161.22,81.00999999999999,18.0,2.0,7.0,11.0,643.1600000000001,362.0,126.0,324.0,10679.0,119.11999999999999,95.12,7.790000000000001,13.74
122,29,71.0,207,0.0,0.0,0.0,0.0,1800000.0,474173.0,1800000.0,3862.23,38.0,57.0,204.0,588.0,246.0,683.0,4.0,6.0,94.88000000000001,3187.88,204.0,162.53,33.18,7.0,0.0,9.0,12.0,578.27,162.0,-19.0,95.0,4942.0,60.160000000000004,50.24,7.9,0.77
124,25,70.0,183,0.0,0.0,0.0,0.0,0.0,5250000.0,6000000.0,5514.74,146.0,116.0,77.0,671.0,295.0,120.0,38.0,71.0,841.46,4478.9400000000005,77.0,194.07,68.67,25.0,6.0,3.0,5.0,192.73999999999998,161.0,77.0,262.0,6597.0,73.53,59.989999999999995,2.2399999999999998,10.870000000000001
125,35,75.0,238,10000000.0,10000000.0,10000000.0,10000000.0,10000000.0,10000000.0,10000000.0,11109.77,208.0,335.0,311.0,2496.0,551.0,1450.0,133.0,200.0,2380.12,8718.52,311.0,264.15999999999997,94.02000000000001,51.0,11.0,0.0,1.0,7.93,209.0,0.0,543.0,11767.0,139.92000000000002,109.22999999999999,0.04,29.0
126,34,71.0,196,0.0,0.0,0.0,8000000.0,7500000.0,6500000.0,4500000.0,9495.160000000002,204.0,168.0,256.0,1045.0,511.0,752.0,51.0,102.0,1551.4399999999998,7417.209999999999,256.0,305.32000000000005,113.83,29.0,4.0,4.0,7.0,523.71,372.0,91.0,372.0,11670.0,127.94,100.13000000000001,5.379999999999999,19.950000000000003
127,32,71.0,185,0.0,0.0,0.0,0.0,0.0,2500000.0,2700000.0,7543.630000000001,127.0,77.0,212.0,1010.0,492.0,499.0,1.0,1.0,53.440000000000005,6449.62,212.0,239.63,52.03,23.0,1.0,3.0,10.0,1037.3700000000001,201.0,71.0,204.0,10602.0,105.32999999999998,89.91,12.940000000000001,0.42000000000000004
128,32,74.0,208,0.0,0.0,0.0,0.0,5000000.0,4000000.0,2500000.0,8505.46,118.0,99.0,297.0,1026.0,545.0,587.0,9.0,22.0,531.37,6975.719999999999,297.0,352.67999999999995,67.66999999999999,18.0,3.0,5.0,11.0,995.17,321.0,-23.0,217.0,11120.0,108.04999999999998,87.78,11.670000000000002,5.73
129,31,75.0,215,0.0,0.0,0.0,0.0,12000000.0,12000000.0,8000000.0,12600.47,299.0,82.0,166.0,1316.0,523.0,398.0,22.0,159.0,1681.77,9505.369999999999,166.0,0.0,43.74,21.0,2.0,1.0,4.0,1410.1299999999999,1036.0,64.0,381.0,14007.0,167.04000000000002,126.33999999999999,16.689999999999998,21.549999999999997
130,29,71.0,211,0.0,0.0,0.0,6500000.0,6500000.0,6500000.0,4500000.0,9174.21,126.0,34.0,187.0,605.0,451.0,689.0,2.0,19.0,406.57,8378.779999999999,187.0,0.0,33.54,7.0,1.0,0.0,1.0,386.06,518.0,55.0,160.0,10477.0,121.22999999999999,110.28,3.7700000000000005,4.33
131,30,73.0,205,0.0,0.0,0.0,0.0,0.0,3000000.0,2000000.0,4986.59,50.0,6.0,73.0,321.0,278.0,267.0,0.0,2.0,17.110000000000003,4381.98,73.0,0.0,8.91,0.0,0.0,0.0,2.0,585.5,320.0,-10.0,56.0,6465.0,70.6,62.690000000000005,7.33,0.14
132,31,73.0,192,0.0,0.0,0.0,0.0,0.0,700000.0,750000.0,2779.04,39.0,24.0,103.0,231.0,251.0,446.0,2.0,9.0,113.98,2349.9500000000003,103.0,253.37,44.09,7.0,1.0,3.0,4.0,314.31000000000006,128.0,-3.0,63.0,3911.0,53.6,45.68,5.0600000000000005,1.61
133,29,73.0,205,0.0,0.0,0.0,10000000.0,10000000.0,8400000.0,5000000.0,8151.610000000001,269.0,120.0,246.0,1021.0,479.0,311.0,33.0,112.0,1223.4599999999998,6896.63,246.0,281.11,83.86,20.0,7.0,2.0,2.0,27.92,126.0,61.0,389.0,9381.0,114.72999999999999,97.54999999999998,0.21000000000000002,16.12
134,32,72.0,200,0.0,0.0,0.0,0.0,0.0,1800000.0,313794.0,6184.900000000001,74.0,78.0,186.0,657.0,470.0,770.0,4.0,6.0,174.85,5603.43,186.0,322.02,81.99999999999999,18.0,0.0,3.0,3.0,403.42,250.0,16.0,152.0,8960.0,90.63,82.02000000000001,4.8,1.76
135,29,74.0,212,0.0,0.0,0.0,0.0,0.0,2000000.0,1300000.0,2596.98,31.0,25.0,298.0,258.0,241.0,649.0,0.0,0.0,20.689999999999998,2284.04,298.0,165.32,36.019999999999996,6.0,0.0,3.0,5.0,289.85,145.0,22.0,56.0,3644.0,53.17,48.04,4.069999999999999,0.23
139,32,70.0,177,0.0,13800000.0,13800000.0,13800000.0,12000000.0,9800000.0,7000000.0,10961.28,358.0,240.0,188.0,1893.0,527.0,166.0,62.0,182.0,1826.6399999999999,9108.439999999999,188.0,212.01,89.34,38.0,8.0,0.0,0.0,24.199999999999996,116.0,35.0,598.0,12195.0,143.94,119.13000000000001,0.16,22.970000000000006
140,30,73.0,195,0.0,0.0,0.0,0.0,4000000.0,4700000.0,4100000.0,7985.4,87.0,14.0,148.0,569.0,406.0,846.0,2.0,7.0,157.09000000000003,7010.66,148.0,0.0,17.24,3.0,0.0,1.0,1.0,815.65,866.0,36.0,101.0,9678.0,136.16,119.88,12.71,1.9300000000000002
141,29,75.0,198,0.0,0.0,0.0,0.0,0.0,3500000.0,905160.0,5345.439999999999,79.0,93.0,192.0,594.0,423.0,506.0,14.0,22.0,475.59,4860.9,192.0,273.14,105.2,18.0,0.0,0.0,0.0,6.150000000000001,128.0,21.0,172.0,6943.0,86.56,78.42999999999999,0.03,6.43
142,28,76.0,212,0.0,0.0,2400000.0,4600000.0,4500000.0,4400000.0,3200000.0,8331.21,70.0,25.0,246.0,594.0,444.0,942.0,1.0,3.0,123.76,7364.33,246.0,0.0,29.380000000000003,4.0,1.0,1.0,2.0,841.12,768.0,-19.0,95.0,11245.0,130.12,115.83,12.059999999999999,1.37
143,30,72.0,200,0.0,0.0,0.0,0.0,0.0,1000000.0,1000000.0,2605.06,33.0,19.0,51.0,287.0,201.0,335.0,0.0,0.0,49.120000000000005,2225.06,51.0,191.3,29.290000000000003,2.0,0.0,3.0,6.0,329.68,84.0,-6.0,52.0,3492.0,56.25,49.44,5.07,0.5
144,30,72.0,200,0.0,0.0,0.0,0.0,0.0,1000000.0,1000000.0,2605.06,33.0,19.0,51.0,287.0,201.0,335.0,0.0,0.0,49.120000000000005,2225.06,51.0,191.3,29.290000000000003,2.0,0.0,3.0,6.0,329.68,84.0,-6.0,52.0,3492.0,56.25,49.44,5.07,0.5
145,26,74.0,188,0.0,0.0,0.0,0.0,0.0,1000000.0,1000000.0,2421.47,30.0,16.0,34.0,208.0,179.0,120.0,0.0,0.0,13.1,2071.6800000000003,34.0,150.66,23.159999999999997,2.0,0.0,1.0,1.0,335.49,79.0,-26.0,46.0,3427.0,39.42,33.980000000000004,4.88,0.12000000000000001
146,20,76.0,197,0.0,0.0,0.0,0.0,0.0,756444.0,832500.0,913.0,15.0,8.0,24.0,101.0,64.0,33.0,0.0,3.0,100.25,810.19,24.0,33.78,7.9,2.0,0.0,0.0,0.0,2.16,23.0,-1.0,23.0,1103.0,14.15,12.39,0.02,1.34
147,37,72.0,189,0.0,0.0,0.0,0.0,0.0,3000000.0,3000000.0,9344.24,173.0,91.0,176.0,631.0,535.0,179.0,13.0,61.0,1189.17,7353.69,176.0,349.67,99.56,13.0,1.0,3.0,5.0,798.98,246.0,-46.0,264.0,11798.0,120.78,94.4,9.07,13.629999999999997
148,37,73.0,186,0.0,0.0,6000000.0,6000000.0,6000000.0,5500000.0,5000000.0,8821.509999999998,165.0,106.0,86.0,1007.0,529.0,358.0,24.0,90.0,1197.83,6627.389999999999,86.0,342.54,70.4,13.0,0.0,10.0,16.0,993.4899999999999,414.0,-40.0,271.0,12355.0,114.35,85.56,11.42,14.099999999999998
149,34,76.0,209,0.0,7000000.0,6000000.0,6000000.0,6000000.0,5000000.0,4200000.0,9849.810000000001,72.0,19.0,202.0,522.0,504.0,575.0,1.0,1.0,54.93,8582.519999999999,202.0,175.0,25.12,1.0,0.0,0.0,4.0,1210.36,715.0,35.0,91.0,13342.0,134.83,117.04,15.299999999999999,0.43000000000000005
150,34,72.0,192,0.0,0.0,5000000.0,4500000.0,3750000.0,3000000.0,3000000.0,6742.67,83.0,77.0,174.0,856.0,448.0,660.0,6.0,12.0,249.25,5685.83,174.0,346.22,64.44,8.0,1.0,8.0,15.0,804.79,173.0,-13.0,160.0,9671.0,103.97,87.17999999999999,11.190000000000001,2.71
151,30,72.0,207,0.0,4000000.0,4500000.0,5000000.0,5500000.0,6000000.0,6500000.0,11429.45,193.0,50.0,113.0,842.0,544.0,519.0,16.0,84.0,1391.8700000000001,9742.61,113.0,0.0,40.370000000000005,5.0,1.0,0.0,1.0,291.37,596.0,-27.0,243.0,13068.0,145.86999999999998,124.59,2.29,16.51
152,32,71.0,191,0.0,0.0,675000.0,2000000.0,2000000.0,1700000.0,1500000.0,7184.969999999999,60.0,51.0,174.0,588.0,500.0,1014.0,2.0,3.0,51.690000000000005,5722.78,174.0,378.81999999999994,56.62999999999999,9.0,0.0,4.0,7.0,1407.3000000000002,497.0,-50.0,111.0,10629.0,98.64000000000001,79.23000000000002,18.150000000000002,0.41
153,25,72.0,197,0.0,0.0,0.0,0.0,0.0,3700000.0,672412.0,3323.12,67.0,65.0,59.0,513.0,245.0,113.0,6.0,23.0,313.27,3006.95,59.0,146.54,47.46,14.0,1.0,0.0,0.0,1.7,71.0,27.0,132.0,4078.0,51.89,45.75,0.01,4.52
154,24,73.0,198,0.0,0.0,0.0,0.0,6750000.0,7000000.0,4750000.0,7410.969999999999,159.0,107.0,246.0,1141.0,389.0,340.0,22.0,49.0,904.81,6153.38,246.0,243.21000000000004,46.51,14.0,4.0,5.0,7.0,350.38,172.0,-53.0,266.0,9221.0,94.55,78.41,3.47,11.02
155,30,71.0,195,0.0,0.0,0.0,0.0,0.0,10000000.0,8000000.0,9649.220000000001,233.0,163.0,121.0,1282.0,527.0,307.0,38.0,86.0,1368.9500000000003,8123.29,121.0,387.29,88.82,24.0,3.0,1.0,1.0,153.38,307.0,-60.0,396.0,11732.0,126.36999999999999,106.6,1.18,16.51
156,31,76.0,215,0.0,1037500.0,3000000.0,3500000.0,4000000.0,4000000.0,3000000.0,11513.4,151.0,45.0,265.0,813.0,535.0,419.0,9.0,35.0,622.98,9754.72,265.0,0.0,37.470000000000006,11.0,3.0,3.0,9.0,1132.9,695.0,73.0,196.0,14281.0,148.67,125.44999999999999,13.22,6.75
157,28,75.0,218,0.0,0.0,0.0,8000000.0,8000000.0,8000000.0,8000000.0,10184.350000000002,279.0,130.0,369.0,1144.0,553.0,611.0,26.0,131.0,1582.4,8095.0,369.0,373.75,79.27000000000001,21.0,3.0,5.0,8.0,502.95,222.0,19.0,409.0,13070.0,127.18999999999998,101.34,4.99,18.39
158,26,73.0,205,0.0,0.0,6000000.0,6000000.0,6000000.0,6000000.0,6000000.0,8104.500000000001,186.0,166.0,200.0,1332.0,453.0,593.0,45.0,100.0,1256.4,6450.85,200.0,184.89,80.61,30.0,6.0,6.0,7.0,393.65000000000003,190.0,32.0,352.0,10638.0,118.62,94.56999999999998,4.32,16.85
159,27,73.0,200,0.0,0.0,0.0,0.0,0.0,3450000.0,2500000.0,4486.84,46.0,46.0,113.0,363.0,322.0,477.0,2.0,9.0,262.7,3652.03,113.0,314.2,81.05,10.0,1.0,2.0,6.0,570.51,195.0,36.0,92.0,6358.0,77.27,63.59,7.97,2.8600000000000003
160,23,72.0,189,0.0,0.0,0.0,0.0,141736.0,925000.0,925000.0,1267.9399999999998,6.0,6.0,38.0,97.0,68.0,57.0,1.0,1.0,22.53,1212.59,38.0,0.0,25.4,0.0,0.0,0.0,0.0,32.019999999999996,91.0,-8.0,12.0,1564.0,31.450000000000003,30.410000000000004,0.42,0.21
161,35,73.0,199,0.0,0.0,0.0,0.0,5500000.0,5250000.0,4250000.0,8524.47,189.0,109.0,164.0,892.0,495.0,363.0,34.0,79.0,1239.54,6952.36,164.0,377.84,88.84,13.0,1.0,4.0,4.0,329.77000000000004,232.0,-39.0,298.0,11335.0,119.86,97.28,4.09,16.05
162,29,70.0,190,0.0,0.0,5250000.0,5500000.0,6250000.0,5750000.0,4000000.0,8555.39,211.0,137.0,129.0,1116.0,468.0,378.0,34.0,76.0,1148.95,6988.9400000000005,129.0,332.43,86.73,18.0,5.0,4.0,6.0,415.49999999999994,227.0,75.0,348.0,11343.0,126.51000000000002,103.35000000000001,4.79,15.909999999999998
163,26,76.0,207,0.0,0.0,0.0,0.0,0.0,1500000.0,1500000.0,1973.25,30.0,28.0,59.0,203.0,157.0,179.0,1.0,2.0,70.32,1834.32,59.0,116.23,39.3,7.0,0.0,0.0,0.0,67.41,89.0,23.0,58.0,2693.0,36.269999999999996,33.9,0.73,0.8200000000000001
164,25,72.0,187,0.0,0.0,0.0,0.0,0.0,1400000.0,1550000.0,2848.9500000000003,40.0,37.0,46.0,200.0,232.0,334.0,0.0,0.0,47.72,2553.92,46.0,169.44,78.59,5.0,0.0,4.0,5.0,246.10999999999999,103.0,4.0,77.0,3941.0,48.14999999999999,42.98,2.8000000000000003,0.73
165,37,73.0,200,0.0,4000000.0,6750000.0,6750000.0,6750000.0,6750000.0,6750000.0,12448.31,240.0,93.0,379.0,1292.0,508.0,468.0,27.0,109.0,1559.56,9502.300000000001,379.0,0.0,49.61,16.0,5.0,9.0,19.0,1384.05,1061.0,83.0,333.0,14931.0,170.18000000000004,129.92,17.71,20.479999999999997
166,33,75.0,231,0.0,0.0,8000000.0,8000000.0,7000000.0,5250000.0,3250000.0,8778.09,173.0,109.0,526.0,897.0,553.0,1656.0,29.0,72.0,1115.6399999999999,7649.0,526.0,338.21000000000004,82.24,19.0,1.0,0.0,0.0,10.649999999999999,154.0,39.0,282.0,10995.0,109.55999999999999,95.04,0.05,12.77
167,32,72.0,200,0.0,0.0,0.0,0.0,5850000.0,5850000.0,4350000.0,9297.05,181.0,122.0,266.0,1209.0,520.0,378.0,22.0,60.0,924.8499999999999,7408.51,266.0,337.92,71.52000000000001,25.0,7.0,14.0,21.0,961.2899999999998,263.0,43.0,303.0,12452.0,123.47000000000001,98.39,11.21,10.99
168,27,69.0,165,0.0,0.0,6750000.0,6750000.0,6750000.0,6750000.0,6750000.0,8852.62,294.0,151.0,100.0,1248.0,464.0,78.0,33.0,127.0,1499.72,7336.99,100.0,155.82999999999998,171.93999999999997,27.0,7.0,0.0,0.0,12.709999999999997,92.0,19.0,445.0,10745.0,128.14,106.67999999999999,0.07,19.32
169,26,73.0,195,0.0,0.0,0.0,0.0,4850000.0,5850000.0,3850000.0,9419.15,200.0,120.0,118.0,1071.0,525.0,641.0,35.0,103.0,1388.59,7425.720000000001,118.0,361.31,78.89,25.0,3.0,2.0,10.0,601.64,256.0,-48.0,320.0,12465.0,123.69999999999999,96.28999999999999,7.09,17.04
170,26,74.0,200,0.0,0.0,6500000.0,6500000.0,6750000.0,6750000.0,6000000.0,9916.56,217.0,194.0,119.0,1306.0,541.0,289.0,57.0,121.0,1621.24,8073.46,119.0,351.77,103.98,40.0,11.0,2.0,3.0,218.26,190.0,-25.0,411.0,12835.0,126.88,103.03000000000002,1.6199999999999999,19.75
171,24,75.0,215,0.0,0.0,0.0,0.0,4950000.0,4950000.0,4950000.0,7498.66,110.0,28.0,93.0,643.0,389.0,374.0,6.0,35.0,672.0699999999999,6555.910000000001,93.0,0.0,21.15,6.0,2.0,1.0,2.0,268.68,392.0,-47.0,138.0,9304.0,95.16,83.03999999999999,2.9299999999999997,7.93
172,34,70.0,185,0.0,0.0,0.0,0.0,3125000.0,3125000.0,3125000.0,4426.070000000001,85.0,51.0,86.0,418.0,302.0,118.0,11.0,27.0,501.2,3594.4300000000003,86.0,281.62,88.60000000000001,5.0,0.0,2.0,7.0,328.44,117.0,8.0,136.0,6099.0,69.81,58.62,3.44,6.51
173,23,74.0,202,0.0,0.0,0.0,0.0,0.0,5000000.0,7000000.0,4957.870000000001,141.0,94.0,302.0,725.0,293.0,371.0,29.0,73.0,806.42,4145.15,302.0,122.1,50.55,10.0,2.0,0.0,0.0,4.300000000000001,73.0,22.0,235.0,6017.0,67.07,56.02,0.03,10.2
176,30,72.0,192,0.0,0.0,5000000.0,5000000.0,4500000.0,4500000.0,4000000.0,8799.01,176.0,154.0,445.0,1348.0,513.0,771.0,46.0,99.0,1295.94,7462.47,445.0,350.43,82.01,20.0,4.0,1.0,1.0,38.2,179.0,-33.0,330.0,11511.0,118.9,99.64999999999999,0.3,16.88
177,29,75.0,228,0.0,0.0,0.0,0.0,0.0,3200000.0,700002.0,5672.17,43.0,5.0,162.0,320.0,314.0,430.0,0.0,1.0,15.469999999999999,4857.950000000001,162.0,0.0,6.960000000000001,1.0,0.0,0.0,4.0,794.75,534.0,14.0,48.0,7185.0,118.24,104.05,13.139999999999999,0.18
178,28,73.0,206,0.0,4000000.0,5750000.0,6250000.0,6750000.0,6750000.0,6500000.0,9245.59,161.0,159.0,96.0,1377.0,540.0,285.0,19.0,38.0,977.97,7654.66,96.0,309.11999999999995,82.38999999999999,35.0,3.0,5.0,8.0,609.76,176.0,34.0,320.0,12277.0,118.61,97.02,6.41,11.49
179,28,73.0,215,4500000.0,4500000.0,5500000.0,6000000.0,6000000.0,6000000.0,6500000.0,9997.140000000001,224.0,167.0,416.0,1345.0,515.0,984.0,46.0,106.0,1558.2099999999998,8033.999999999999,416.0,372.53,87.08999999999999,24.0,3.0,2.0,5.0,401.72999999999996,382.0,20.0,391.0,11989.0,134.88,107.99000000000001,4.390000000000001,20.06
180,25,72.0,200,0.0,0.0,5000000.0,5750000.0,6750000.0,6750000.0,6150000.0,10254.720000000001,305.0,190.0,197.0,1896.0,525.0,345.0,56.0,154.0,1670.95,8352.48,197.0,317.55000000000007,68.15,39.0,8.0,2.0,4.0,228.89000000000001,253.0,39.0,495.0,12297.0,135.01000000000002,109.48,2.12,20.95
181,24,76.0,215,0.0,0.0,0.0,0.0,0.0,12000000.0,12000000.0,5307.89,151.0,99.0,126.0,620.0,281.0,148.0,40.0,92.0,956.6700000000001,4341.820000000001,126.0,259.04999999999995,65.19,14.0,2.0,0.0,0.0,8.6,148.0,-21.0,250.0,6223.0,84.23,70.51,0.07999999999999999,13.219999999999999
182,38,73.0,192,7600000.0,7500000.0,6000000.0,5000000.0,4500000.0,3500000.0,2650000.0,13059.92,259.0,42.0,206.0,1121.0,531.0,201.0,16.0,94.0,1424.7800000000002,10350.54,206.0,0.0,27.109999999999996,13.0,2.0,0.0,4.0,1281.7999999999997,851.0,54.0,301.0,15489.0,170.95,135.07,15.79,17.6
183,33,75.0,212,0.0,0.0,0.0,0.0,5750000.0,5750000.0,5750000.0,8159.67,136.0,155.0,276.0,1384.0,467.0,504.0,42.0,89.0,1310.04,6836.48,276.0,229.49999999999997,79.05000000000001,27.0,7.0,0.0,0.0,11.55,168.0,8.0,291.0,9927.0,120.61000000000001,100.23,0.07,17.84
184,34,70.0,170,0.0,0.0,0.0,5000000.0,4500000.0,4000000.0,2500000.0,10217.74,118.0,23.0,114.0,556.0,482.0,471.0,7.0,33.0,542.04,8808.41,114.0,0.0,26.4,3.0,2.0,0.0,3.0,865.2900000000001,1416.0,5.0,141.0,13330.0,146.56,125.90000000000002,11.2,6.580000000000001
185,30,76.0,208,0.0,0.0,0.0,0.0,0.0,2150000.0,2150000.0,7153.65,93.0,86.0,296.0,720.0,512.0,544.0,26.0,52.0,918.43,5786.46,296.0,205.51999999999998,84.58,13.0,1.0,4.0,8.0,445.16,162.0,-33.0,179.0,9719.0,95.99000000000001,77.25,4.43,11.030000000000001
186,26,76.0,212,0.0,0.0,0.0,0.0,0.0,1100000.0,1300000.0,2680.1,31.0,21.0,143.0,230.0,218.0,436.0,0.0,1.0,54.53,2349.65,143.0,177.43,38.46,4.0,0.0,2.0,4.0,273.52,113.0,-39.0,52.0,3700.0,56.43000000000001,51.28,3.74,0.5700000000000001
187,25,74.0,208,0.0,0.0,0.0,9000000.0,9000000.0,9000000.0,9000000.0,8281.97,254.0,168.0,144.0,997.0,422.0,224.0,54.0,122.0,1257.6200000000001,6749.089999999999,144.0,296.65000000000003,89.47,24.0,9.0,6.0,7.0,273.26,131.0,-24.0,422.0,9593.0,112.86999999999999,91.95,2.89,15.559999999999999
188,24,73.0,193,0.0,0.0,0.0,0.0,15000000.0,14000000.0,13000000.0,7529.52,307.0,162.0,118.0,1082.0,351.0,150.0,31.0,137.0,1139.8799999999999,6142.610000000001,118.0,220.13,75.22999999999999,33.0,7.0,3.0,8.0,244.63,133.0,43.0,469.0,8319.0,104.94000000000001,85.52999999999999,2.42,14.94
192,35,75.0,212,0.0,0.0,0.0,0.0,0.0,7000000.0,5000000.0,10574.869999999999,147.0,48.0,370.0,1020.0,442.0,788.0,20.0,78.0,1145.9499999999998,8268.970000000001,370.0,183.32,33.76,7.0,4.0,0.0,1.0,1157.15,1037.0,-56.0,195.0,12817.0,166.07,129.32,16.970000000000002,16.9
193,35,75.0,212,0.0,0.0,0.0,0.0,0.0,7000000.0,5000000.0,10574.869999999999,147.0,48.0,370.0,1020.0,442.0,788.0,20.0,78.0,1145.9499999999998,8268.970000000001,370.0,183.32,33.76,7.0,4.0,0.0,1.0,1157.15,1037.0,-56.0,195.0,12817.0,166.07,129.32,16.970000000000002,16.9
194,31,80.0,229,0.0,0.0,0.0,0.0,0.0,7000000.0,5000000.0,9848.24,122.0,48.0,380.0,819.0,447.0,502.0,9.0,48.0,895.0999999999999,7932.969999999999,380.0,0.0,47.94,7.0,1.0,3.0,8.0,1016.97,655.0,-8.0,170.0,11717.0,153.15,122.92,15.049999999999999,12.71
195,31,71.0,199,0.0,0.0,0.0,0.0,3800000.0,3800000.0,2500000.0,6567.08,98.0,73.0,882.0,643.0,480.0,688.0,1.0,9.0,227.2,5707.26,882.0,305.31,79.52000000000001,14.0,0.0,0.0,3.0,629.8200000000002,329.0,-3.0,171.0,10118.0,93.52,81.67,6.73,3.05
196,28,73.0,218,0.0,0.0,0.0,0.0,5250000.0,6000000.0,4500000.0,7536.219999999999,185.0,120.0,225.0,821.0,478.0,770.0,30.0,79.0,955.5999999999999,6401.81,225.0,346.51,94.88,26.0,5.0,3.0,6.0,177.21,236.0,41.0,305.0,10037.0,106.37,90.24,1.73,11.549999999999999
197,30,72.0,194,0.0,0.0,0.0,0.0,0.0,8800000.0,6100000.0,7621.06,111.0,29.0,84.0,548.0,396.0,275.0,3.0,26.0,324.2300000000001,6802.71,84.0,0.0,34.06999999999999,3.0,0.0,0.0,1.0,489.32,528.0,88.0,140.0,9391.0,130.37,117.48,6.23,4.18
198,26,74.0,200,0.0,0.0,0.0,0.0,0.0,1400000.0,1600000.0,2228.58,30.0,18.0,46.0,206.0,170.0,248.0,0.0,0.0,11.91,1975.4700000000003,46.0,180.32,89.19999999999999,3.0,2.0,0.0,1.0,239.6,115.0,12.0,48.0,3351.0,59.14,55.16,3.4299999999999997,0.12
199,26,74.0,200,0.0,0.0,0.0,0.0,0.0,1400000.0,1600000.0,2228.58,30.0,18.0,46.0,206.0,170.0,248.0,0.0,0.0,11.91,1975.4700000000003,46.0,180.32,89.19999999999999,3.0,2.0,0.0,1.0,239.6,115.0,12.0,48.0,3351.0,59.14,55.16,3.4299999999999997,0.12
200,26,72.0,215,0.0,0.0,0.0,6500000.0,7000000.0,5775000.0,3500000.0,8006.2699999999995,155.0,120.0,125.0,969.0,446.0,356.0,36.0,69.0,1029.75,6426.37,125.0,317.51000000000005,75.17,14.0,3.0,6.0,7.0,548.15,299.0,-65.0,275.0,10955.0,106.36000000000001,85.34,5.91,12.25
201,24,73.0,208,0.0,0.0,0.0,0.0,0.0,4000000.0,6125000.0,3610.41,86.0,75.0,52.0,582.0,197.0,76.0,23.0,54.0,675.31,2928.9700000000003,52.0,105.63,54.14,11.0,1.0,0.0,0.0,4.93,60.0,-3.0,161.0,4485.0,70.84,58.17,0.04,11.4
202,21,70.0,180,0.0,0.0,0.0,0.0,214048.0,925000.0,925000.0,1578.33,48.0,8.0,24.0,132.0,73.0,8.0,3.0,27.0,264.65000000000003,1310.2,24.0,0.0,6.3,2.0,1.0,0.0,0.0,3.08,47.0,-10.0,56.0,1734.0,39.57,34.5,0.02,4.64
203,36,75.0,228,8750000.0,9250000.0,9250000.0,9025000.0,8950000.0,8275000.0,6000000.0,10042.25,322.0,122.0,355.0,1104.0,497.0,788.0,24.0,111.0,1468.9,7889.429999999999,355.0,352.71,75.48999999999998,28.0,6.0,3.0,8.0,681.12,531.0,49.0,444.0,12255.0,140.51,110.53999999999999,7.98,19.119999999999997
204,37,75.0,215,0.0,0.0,8000000.0,8000000.0,6000000.0,236544.0,4000000.0,7719.29,144.0,113.0,481.0,1014.0,456.0,1280.0,35.0,66.0,978.3699999999999,6245.67,481.0,353.71,69.86000000000001,16.0,2.0,0.0,1.0,492.44999999999993,316.0,28.0,257.0,10554.0,111.38000000000001,90.9,5.1,12.13
205,31,72.0,188,0.0,0.0,0.0,0.0,0.0,5825000.0,5825000.0,9783.41,152.0,159.0,181.0,997.0,548.0,500.0,44.0,85.0,1266.59,7551.63,181.0,345.12,111.10000000000001,29.0,4.0,8.0,16.0,961.19,382.0,-9.0,311.0,12858.0,123.32,95.08999999999999,10.870000000000001,14.85
206,30,72.0,208,0.0,0.0,0.0,0.0,0.0,5250000.0,5250000.0,8658.65,144.0,128.0,148.0,1255.0,510.0,325.0,19.0,44.0,782.9,6987.54,148.0,179.32999999999998,72.02,17.0,2.0,9.0,14.0,887.4100000000001,306.0,32.0,272.0,11832.0,116.42999999999998,93.53999999999999,10.3,9.32
207,29,73.0,207,0.0,0.0,0.0,0.0,7500000.0,7500000.0,4750000.0,11261.32,170.0,51.0,143.0,813.0,484.0,243.0,17.0,80.0,1357.2800000000002,8910.96,143.0,50.0,44.32,12.0,2.0,4.0,8.0,990.6800000000001,732.0,7.0,221.0,13315.0,160.87000000000003,127.14,12.370000000000003,18.11
208,29,75.0,224,0.0,0.0,0.0,0.0,3250000.0,4250000.0,4450000.0,7686.540000000001,76.0,21.0,348.0,479.0,385.0,906.0,0.0,0.0,37.55,6704.0,348.0,0.0,22.07,4.0,0.0,1.0,5.0,943.7900000000001,424.0,42.0,97.0,9593.0,117.85000000000002,103.39,13.280000000000001,0.31
209,28,72.0,196,0.0,0.0,3800000.0,3800000.0,3800000.0,3800000.0,3800000.0,7443.929999999999,154.0,129.0,96.0,1083.0,443.0,580.0,28.0,71.0,951.8299999999999,6397.89,96.0,340.21000000000004,71.2,25.0,6.0,0.0,3.0,91.41,185.0,0.0,283.0,9305.0,112.66000000000001,97.55000000000001,0.8400000000000001,12.559999999999999
212,26,73.0,188,0.0,0.0,0.0,0.0,0.0,622708.0,2775000.0,3306.67,70.0,37.0,44.0,365.0,229.0,140.0,6.0,25.0,419.21000000000004,2846.94,44.0,98.59,30.7,8.0,0.0,1.0,1.0,38.919999999999995,105.0,18.0,107.0,4107.0,56.01,48.03,0.35000000000000003,6.779999999999999
215,37,71.0,195,0.0,0.0,0.0,0.0,0.0,8000000.0,5000000.0,10591.4,237.0,219.0,217.0,1480.0,551.0,645.0,79.0,167.0,1785.21,8347.58,217.0,381.28999999999996,103.04,36.0,4.0,3.0,5.0,455.41,477.0,73.0,456.0,13774.0,132.85,104.24,4.24,21.1
216,34,70.0,175,0.0,0.0,0.0,0.0,1450259.0,3250000.0,3250000.0,7929.41,122.0,82.0,189.0,949.0,554.0,667.0,1.0,1.0,58.09,6957.13,189.0,286.28,57.35,14.0,0.0,14.0,19.0,910.5899999999999,214.0,52.0,204.0,11908.0,98.66,86.11000000000001,9.65,0.41
217,32,74.0,210,0.0,0.0,5750000.0,13000000.0,13000000.0,13000000.0,9000000.0,10500.390000000001,277.0,218.0,421.0,1573.0,551.0,932.0,69.0,145.0,1711.53,8205.140000000001,421.0,360.61999999999995,96.49,31.0,7.0,7.0,16.0,581.7200000000001,402.0,50.0,495.0,14492.0,131.76,102.42,5.930000000000001,20.55
218,29,73.0,200,0.0,0.0,0.0,0.0,0.0,13500000.0,9000000.0,10585.24,291.0,223.0,161.0,2067.0,538.0,489.0,68.0,174.0,1753.11,8572.11,161.0,368.75,75.03,43.0,8.0,1.0,2.0,257.22,225.0,29.0,514.0,13809.0,136.12,110.05999999999999,2.3400000000000003,21.259999999999998
219,28,75.0,190,0.0,2250000.0,2500000.0,3500000.0,4500000.0,5000000.0,6000000.0,9840.86,233.0,58.0,156.0,870.0,425.0,255.0,16.0,111.0,1325.23,8322.05,156.0,100.0,43.01,18.0,4.0,0.0,0.0,191.17999999999998,520.0,35.0,291.0,11515.0,137.56,116.09,1.97,17.06
220,27,75.0,215,0.0,0.0,0.0,0.0,0.0,7000000.0,4800000.0,7028.2300000000005,73.0,27.0,91.0,468.0,308.0,421.0,7.0,24.0,373.86,5823.7699999999995,91.0,0.0,22.6,5.0,2.0,2.0,5.0,828.5999999999999,539.0,43.0,100.0,8500.0,105.00999999999999,88.05000000000001,10.4,4.51
221,36,72.0,210,7250000.0,7250000.0,7000000.0,6500000.0,5500000.0,5500000.0,4000000.0,9501.49,147.0,118.0,248.0,1348.0,542.0,1394.0,27.0,51.0,1065.86,7741.26,248.0,248.05,61.49,16.0,5.0,3.0,5.0,692.3699999999999,164.0,-6.0,265.0,12278.0,121.88999999999999,99.35999999999999,7.29,12.739999999999998
222,33,75.0,225,0.0,6800000.0,14000000.0,13000000.0,12000000.0,11000000.0,8000000.0,11601.759999999998,314.0,160.0,144.0,1152.0,551.0,509.0,41.0,151.0,1606.32,8914.83,144.0,376.38,95.75999999999999,35.0,7.0,4.0,9.0,1078.2099999999998,400.0,63.0,474.0,13876.0,145.98000000000002,111.91,12.170000000000002,18.62
223,24,74.0,201,0.0,0.0,0.0,0.0,0.0,1250000.0,2250000.0,3663.76,62.0,41.0,134.0,417.0,256.0,271.0,3.0,21.0,390.3,3144.0699999999997,134.0,166.16,37.269999999999996,8.0,1.0,2.0,5.0,128.19,63.0,-12.0,103.0,5232.0,55.620000000000005,47.29,1.27,5.04
224,28,69.0,180,0.0,0.0,0.0,4250000.0,4250000.0,4250000.0,4250000.0,5545.629999999999,97.0,117.0,151.0,963.0,335.0,128.0,15.0,30.0,681.97,4559.45,151.0,127.98,59.34,23.0,2.0,10.0,13.0,301.81,184.0,36.0,214.0,7357.0,92.12,76.97,3.79,8.91
225,26,73.0,200,0.0,0.0,0.0,0.0,0.0,700000.0,700000.0,1695.75,18.0,6.0,18.0,146.0,95.0,170.0,0.0,1.0,5.96,1552.56,18.0,0.0,9.48,1.0,0.0,0.0,0.0,136.03,147.0,15.0,24.0,2118.0,35.129999999999995,31.67,2.54,0.11
226,26,70.0,185,0.0,0.0,0.0,0.0,0.0,241920.0,800000.0,768.64,10.0,8.0,8.0,86.0,67.0,75.0,0.0,0.0,34.84,677.85,8.0,28.57,17.69,0.0,0.0,0.0,1.0,54.75,24.0,-3.0,18.0,1142.0,21.58,19.03,1.18,0.56
227,27,72.0,188,0.0,0.0,0.0,0.0,0.0,2400000.0,2450000.0,3837.04,60.0,41.0,48.0,419.0,227.0,189.0,8.0,17.0,346.89,3328.68,48.0,123.63999999999999,29.12,6.0,2.0,0.0,0.0,160.67000000000002,134.0,-6.0,101.0,5011.0,50.099999999999994,43.59,1.7,3.9699999999999998
228,36,77.0,230,0.0,0.0,5760000.0,8000000.0,10000000.0,10000000.0,10000000.0,13189.330000000002,319.0,135.0,306.0,2020.0,549.0,704.0,41.0,162.0,1824.67,10422.23,306.0,146.56,46.87,24.0,9.0,2.0,10.0,938.83,791.0,6.0,454.0,15067.0,165.50000000000003,131.0,10.679999999999998,21.77
229,29,74.0,210,0.0,0.0,0.0,0.0,9000000.0,7887096.0,6000000.0,8861.12,136.0,162.0,683.0,1698.0,452.0,1039.0,32.0,63.0,1029.4299999999998,7268.800000000001,683.0,323.26,66.33,22.0,1.0,11.0,14.0,560.0899999999999,186.0,-64.0,298.0,10671.0,136.39000000000001,111.36,7.419999999999999,14.33
230,29,71.0,175,0.0,0.0,0.0,0.0,0.0,1500000.0,1500000.0,2480.19,29.0,30.0,58.0,230.0,197.0,185.0,0.0,0.0,41.33,2218.29,58.0,178.71,49.7,3.0,0.0,2.0,3.0,219.37,68.0,-8.0,59.0,3570.0,46.63,42.66,3.17,0.37
231,25,72.0,192,0.0,0.0,0.0,0.0,0.0,1650000.0,2150000.0,1602.5100000000002,28.0,29.0,20.0,258.0,130.0,83.0,5.0,14.0,190.42000000000002,1410.52,20.0,153.49,42.72,2.0,1.0,0.0,0.0,0.37,37.0,-8.0,57.0,2039.0,38.2,33.05,0.0,4.74
232,24,72.0,210,0.0,0.0,0.0,0.0,0.0,4000000.0,4000000.0,4161.23,81.0,76.0,158.0,744.0,263.0,423.0,11.0,23.0,396.45000000000005,3643.16,158.0,132.63,36.63,9.0,2.0,0.0,1.0,120.02000000000001,131.0,-10.0,157.0,5543.0,60.53999999999999,53.410000000000004,1.0799999999999998,4.8100000000000005
233,22,71.0,185,0.0,0.0,0.0,0.0,0.0,925000.0,925000.0,969.08,9.0,2.0,30.0,63.0,61.0,120.0,0.0,0.0,18.49,904.09,30.0,0.0,3.2,0.0,0.0,0.0,1.0,46.1,58.0,-15.0,11.0,1253.0,15.53,14.49,0.45,0.18
236,28,74.0,206,0.0,0.0,0.0,0.0,0.0,1600000.0,1600000.0,2561.51,28.0,6.0,65.0,153.0,191.0,210.0,0.0,0.0,6.6,2405.95,65.0,0.0,19.79,1.0,0.0,0.0,1.0,146.56,223.0,-4.0,34.0,3562.0,81.28,76.21000000000001,3.15,0.28
237,27,74.0,208,0.0,0.0,0.0,0.0,0.0,173098.0,271572.0,588.61,3.0,4.0,26.0,61.0,56.0,119.0,0.0,0.0,16.240000000000002,568.47,26.0,50.0,27.299999999999997,0.0,0.0,0.0,0.0,2.6999999999999997,19.0,-13.0,7.0,850.0,42.01,40.58,0.18000000000000002,0.43000000000000005
238,26,76.0,213,0.0,0.0,5400000.0,5400000.0,5400000.0,5400000.0,5400000.0,11954.369999999999,198.0,60.0,168.0,1091.0,524.0,534.0,15.0,83.0,1190.93,9723.779999999999,168.0,0.0,38.419999999999995,13.0,8.0,1.0,6.0,1038.06,805.0,-7.0,258.0,14323.0,159.18,129.59,12.790000000000001,14.36
239,23,77.0,210,0.0,0.0,0.0,0.0,0.0,6000000.0,6788775.0,5391.219999999999,109.0,138.0,114.0,916.0,305.0,321.0,52.0,84.0,952.11,4435.389999999999,114.0,99.27,60.55,17.0,1.0,0.0,0.0,2.52,155.0,-1.0,247.0,6397.0,70.19,57.89,0.01,11.86
240,23,75.0,197,0.0,0.0,0.0,0.0,118546.0,566956.0,372403.0,304.5,2.0,1.0,4.0,23.0,22.0,25.0,0.0,0.0,0.0,299.29,4.0,0.0,4.3,0.0,0.0,0.0,0.0,5.21,21.0,1.0,3.0,391.0,13.51,13.36,0.14,0.0
241,21,73.0,186,0.0,0.0,0.0,0.0,100564.0,925000.0,917855.0,483.88,7.0,7.0,10.0,55.0,38.0,22.0,0.0,1.0,20.03,462.65999999999997,10.0,36.5,28.87,1.0,1.0,0.0,0.0,1.19,8.0,6.0,14.0,631.0,24.9,24.55,0.02,0.33
242,22,72.0,193,0.0,0.0,0.0,0.0,0.0,925000.0,616421.0,687.03,10.0,10.0,8.0,97.0,56.0,52.0,5.0,8.0,75.33,611.25,8.0,30.76,10.3,4.0,1.0,0.0,0.0,0.05,17.0,-10.0,20.0,907.0,12.16,10.55,0.0,1.2
243,33,73.0,195,0.0,0.0,0.0,4100000.0,4100000.0,4100000.0,4100000.0,8385.05,138.0,111.0,145.0,852.0,514.0,200.0,20.0,42.0,877.7700000000001,6418.620000000001,145.0,353.28999999999996,92.03999999999999,13.0,1.0,2.0,3.0,1085.46,555.0,77.0,249.0,11835.0,112.44,85.58,13.31,9.86
244,32,73.0,225,0.0,0.0,0.0,0.0,5000000.0,4750000.0,2818966.0,8430.85,103.0,24.0,440.0,547.0,474.0,668.0,0.0,6.0,90.66,7390.8,440.0,0.0,31.0,2.0,0.0,0.0,0.0,946.9899999999999,899.0,86.0,127.0,11067.0,121.58,107.41000000000001,12.520000000000001,0.7900000000000001
245,30,73.0,203,0.0,0.0,0.0,0.0,0.0,5000000.0,4000000.0,7793.4,173.0,96.0,82.0,750.0,465.0,263.0,24.0,87.0,1288.18,6444.68,82.0,291.52,86.95,16.0,3.0,0.0,0.0,58.13999999999999,146.0,-17.0,269.0,9307.0,114.79,95.45999999999998,0.49,17.57
246,29,75.0,223,0.0,0.0,0.0,2000000.0,3000000.0,3500000.0,3000000.0,6942.7699999999995,88.0,64.0,441.0,579.0,504.0,1446.0,1.0,7.0,187.15,6214.52,441.0,267.96000000000004,77.35,7.0,0.0,4.0,6.0,538.3000000000001,315.0,-10.0,152.0,9165.0,95.99,85.34,6.59,1.9900000000000002
247,28,74.0,195,0.0,0.0,4000000.0,4000000.0,1720400.0,4000000.0,4000000.0,6218.549999999999,109.0,70.0,82.0,737.0,405.0,245.0,15.0,52.0,817.72,5312.9400000000005,82.0,298.42,57.89,15.0,2.0,0.0,1.0,85.08999999999999,152.0,-27.0,179.0,8382.0,87.51,75.39,0.62,10.240000000000002
248,28,73.0,194,0.0,2500000.0,4000000.0,4500000.0,4750000.0,5750000.0,3500000.0,11071.42,107.0,28.0,154.0,603.0,510.0,254.0,5.0,21.0,395.75,9600.03,154.0,0.0,34.24,6.0,0.0,1.0,4.0,1072.44,830.0,44.0,135.0,13570.0,150.24,130.56,13.570000000000002,4.04
249,32,69.0,177,0.0,0.0,0.0,0.0,0.0,700000.0,700000.0,2792.2,40.0,18.0,24.0,308.0,179.0,64.0,11.0,33.0,396.66999999999996,2375.37,24.0,0.0,30.060000000000002,1.0,0.0,0.0,0.0,17.36,125.0,-25.0,58.0,3484.0,106.03999999999999,91.11999999999999,0.6600000000000001,12.610000000000001
250,26,72.0,192,0.0,0.0,0.0,0.0,0.0,1900000.0,1900000.0,3991.2300000000005,58.0,51.0,287.0,569.0,314.0,401.0,3.0,4.0,118.28999999999999,3732.6800000000003,287.0,190.73,35.89,9.0,1.0,0.0,0.0,138.66,166.0,17.0,109.0,5378.0,68.02000000000001,64.74,1.52,0.92
251,24,70.0,198,0.0,0.0,0.0,0.0,0.0,2500000.0,3500000.0,4301.01,87.0,71.0,122.0,664.0,287.0,147.0,15.0,42.0,567.5,3722.62,122.0,59.72,51.61000000000001,11.0,1.0,0.0,0.0,9.29,82.0,-4.0,158.0,5551.0,83.33999999999999,74.21000000000001,0.08,7.390000000000001
252,34,77.0,225,0.0,0.0,0.0,0.0,0.0,10000000.0,6500000.0,11069.16,358.0,171.0,381.0,1641.0,559.0,747.0,30.0,164.0,1752.5200000000002,8646.91,381.0,295.69,73.51,26.0,4.0,11.0,19.0,667.3299999999999,399.0,58.0,529.0,13990.0,137.11,106.94,6.96,20.75
253,35,72.0,193,0.0,0.0,0.0,0.0,7500000.0,6500000.0,5500000.0,8720.029999999999,213.0,115.0,196.0,906.0,478.0,300.0,27.0,80.0,1145.5800000000002,7051.49,196.0,388.2199999999999,88.82000000000001,26.0,2.0,1.0,5.0,520.1600000000001,236.0,42.0,328.0,11234.0,127.07999999999998,101.64000000000001,6.2,15.549999999999997
254,33,70.0,188,0.0,0.0,3000000.0,4500000.0,4000000.0,4000000.0,4000000.0,6854.289999999999,157.0,97.0,232.0,821.0,468.0,647.0,30.0,74.0,1052.29,5788.660000000001,232.0,375.26000000000005,83.34,12.0,2.0,0.0,1.0,10.940000000000001,156.0,-8.0,254.0,8915.0,101.61999999999999,85.24,0.07999999999999999,14.629999999999999
255,33,74.0,199,0.0,0.0,0.0,0.0,0.0,2400000.0,1600000.0,8762.470000000001,87.0,22.0,203.0,544.0,488.0,623.0,2.0,7.0,186.57000000000002,7517.87,203.0,100.0,28.06,5.0,0.0,0.0,3.0,1055.63,824.0,15.0,109.0,12164.0,123.54,104.87,13.46,1.53
256,33,74.0,199,0.0,0.0,0.0,0.0,0.0,2400000.0,1600000.0,8762.470000000001,87.0,22.0,203.0,544.0,488.0,623.0,2.0,7.0,186.57000000000002,7517.87,203.0,100.0,28.06,5.0,0.0,0.0,3.0,1055.63,824.0,15.0,109.0,12164.0,123.54,104.87,13.46,1.53
257,28,77.0,210,0.0,0.0,0.0,0.0,3500000.0,2750000.0,2500000.0,5998.0599999999995,66.0,57.0,215.0,542.0,408.0,1144.0,6.0,14.0,254.25,4975.889999999999,215.0,311.57,61.23,10.0,0.0,3.0,7.0,765.12,235.0,4.0,123.0,8689.0,86.96000000000001,72.3,10.870000000000001,2.5300000000000002
258,28,75.0,207,0.0,0.0,5000000.0,6750000.0,6750000.0,6750000.0,5500000.0,10076.05,264.0,179.0,225.0,1118.0,508.0,410.0,48.0,102.0,1472.8300000000002,8300.079999999998,225.0,317.06,111.36999999999998,27.0,9.0,2.0,8.0,300.73999999999995,304.0,83.0,443.0,11902.0,136.60000000000002,112.84,3.23,18.87
259,27,73.0,206,0.0,0.0,0.0,0.0,0.0,2260000.0,2300000.0,4498.539999999999,64.0,46.0,54.0,434.0,356.0,403.0,1.0,1.0,96.69,3847.4500000000003,54.0,322.34000000000003,55.739999999999995,8.0,0.0,4.0,8.0,551.5999999999999,158.0,52.0,110.0,6407.0,76.3,65.73,6.9,1.62
260,25,72.0,172,0.0,0.0,0.0,0.0,6250000.0,6500000.0,4750000.0,6061.26,142.0,115.0,130.0,963.0,369.0,174.0,21.0,48.0,721.6899999999999,5331.79,130.0,105.55,59.370000000000005,20.0,0.0,1.0,1.0,5.38,124.0,34.0,257.0,7803.0,81.14999999999999,71.33,0.02,8.92
261,24,73.0,182,0.0,0.0,0.0,0.0,0.0,7500000.0,8000000.0,4604.37,96.0,105.0,72.0,682.0,249.0,46.0,27.0,49.0,749.24,3723.47,72.0,155.48,55.35999999999999,20.0,4.0,2.0,3.0,130.06,72.0,-2.0,201.0,5382.0,68.87,56.120000000000005,1.42,10.07
262,25,72.0,186,0.0,0.0,0.0,0.0,0.0,2850000.0,3150000.0,3830.99,72.0,13.0,79.0,363.0,172.0,352.0,5.0,43.0,351.12,3139.7599999999998,79.0,0.0,9.8,2.0,0.0,0.0,1.0,338.51,217.0,-7.0,85.0,4718.0,66.53999999999999,54.269999999999996,5.250000000000001,4.9799999999999995
263,35,71.0,185,0.0,0.0,5375000.0,6100000.0,6100000.0,5800000.0,4000000.0,12775.9,205.0,40.0,180.0,824.0,550.0,715.0,11.0,65.0,1200.6100000000001,10306.9,180.0,100.0,33.86,4.0,1.0,1.0,7.0,1265.19,1055.0,-9.0,245.0,15571.0,161.03,129.45,14.400000000000002,13.510000000000002
264,34,75.0,197,0.0,0.0,0.0,0.0,0.0,6000000.0,4000000.0,10013.990000000002,95.0,16.0,206.0,440.0,474.0,214.0,0.0,3.0,51.949999999999996,8646.53,206.0,0.0,26.699999999999996,2.0,0.0,1.0,11.0,1312.31,967.0,64.0,111.0,13362.0,144.46999999999997,124.89000000000001,17.5,0.43000000000000005
265,33,73.0,195,0.0,0.0,4500000.0,4725000.0,3850000.0,3150000.0,3150000.0,9074.34,115.0,34.0,300.0,583.0,453.0,571.0,6.0,28.0,604.41,7617.619999999999,300.0,0.0,37.89,9.0,0.0,1.0,5.0,849.91,547.0,23.0,149.0,11986.0,139.2,117.66,11.63,7.040000000000001
266,29,72.0,182,0.0,0.0,0.0,0.0,0.0,1200000.0,1600000.0,3946.96,40.0,14.0,34.0,278.0,209.0,183.0,4.0,12.0,279.18,3493.55,34.0,0.0,17.14,0.0,0.0,0.0,0.0,171.82999999999998,356.0,-27.0,54.0,4917.0,108.82000000000001,97.97,3.08,5.35
267,25,72.0,177,0.0,0.0,0.0,0.0,0.0,3000000.0,3000000.0,4030.99,105.0,45.0,52.0,341.0,249.0,50.0,11.0,36.0,550.98,3361.1500000000005,52.0,150.51,49.78,6.0,1.0,0.0,2.0,117.26000000000002,112.0,2.0,150.0,5105.0,64.09,53.67,1.39,8.59
268,25,72.0,195,0.0,0.0,0.0,0.0,0.0,3250000.0,3450000.0,3955.4100000000003,65.0,50.0,58.0,398.0,246.0,219.0,11.0,23.0,469.85,3297.04,58.0,208.59000000000003,48.38,6.0,1.0,0.0,0.0,187.32,147.0,-8.0,115.0,5294.0,62.269999999999996,52.79,1.8599999999999999,6.35
269,24,76.0,220,0.0,0.0,0.0,0.0,0.0,1000000.0,1350000.0,2920.46,31.0,32.0,155.0,337.0,230.0,678.0,0.0,0.0,9.66,2601.72,155.0,169.7,35.84,6.0,0.0,4.0,4.0,307.48,108.0,-21.0,63.0,4289.0,47.989999999999995,43.97,3.88,0.08
270,25,70.0,165,0.0,0.0,0.0,0.0,0.0,750000.0,800000.0,1563.3200000000002,22.0,35.0,32.0,276.0,115.0,59.0,8.0,16.0,254.60000000000002,1307.64,32.0,91.91,24.92,7.0,0.0,0.0,0.0,0.28,37.0,2.0,57.0,2099.0,26.560000000000002,22.25,0.0,4.279999999999999
271,23,74.0,210,0.0,0.0,0.0,0.0,0.0,2600000.0,3300000.0,4632.030000000001,52.0,28.0,129.0,454.0,234.0,332.0,11.0,22.0,409.33000000000004,4036.49,129.0,0.0,24.43,3.0,0.0,0.0,0.0,183.81,343.0,-20.0,80.0,5596.0,78.96,68.83,2.5200000000000005,6.76
272,32,74.0,215,0.0,0.0,0.0,0.0,0.0,10500000.0,7000000.0,9583.26,189.0,212.0,249.0,1853.0,517.0,667.0,51.0,100.0,1425.4399999999998,7652.070000000001,249.0,310.11,79.59,48.0,10.0,7.0,10.0,503.75,225.0,40.0,401.0,12056.0,128.47,102.44,5.609999999999999,17.96
273,33,73.0,209,0.0,3900000.0,3900000.0,4000000.0,4050000.0,1026352.0,4000000.0,9634.5,121.0,52.0,153.0,714.0,465.0,713.0,12.0,57.0,852.37,7923.3099999999995,153.0,0.0,51.300000000000004,12.0,3.0,1.0,3.0,855.6200000000001,999.0,22.0,173.0,12588.0,142.44000000000003,117.81000000000002,11.049999999999999,10.720000000000002
274,30,76.0,216,0.0,0.0,0.0,0.0,3000000.0,2500000.0,2500000.0,8126.869999999999,65.0,17.0,348.0,467.0,441.0,1142.0,0.0,6.0,140.46999999999997,7099.85,348.0,100.0,22.3,4.0,0.0,1.0,3.0,884.1500000000001,665.0,62.0,82.0,10572.0,125.54,109.02000000000001,10.75,2.9199999999999995
275,29,75.0,202,0.0,0.0,0.0,0.0,0.0,12000000.0,8000000.0,8453.900000000001,236.0,149.0,145.0,977.0,445.0,338.0,30.0,91.0,1199.0400000000002,6761.74,145.0,355.01,103.55,22.0,5.0,4.0,8.0,490.32000000000005,328.0,75.0,385.0,10246.0,128.85,103.32,6.239999999999999,16.8
276,28,72.0,191,0.0,0.0,0.0,0.0,0.0,5900000.0,5900000.0,6780.860000000001,130.0,100.0,62.0,724.0,410.0,232.0,18.0,40.0,597.8599999999999,5494.620000000001,62.0,285.74,73.39000000000001,17.0,1.0,7.0,15.0,685.98,217.0,65.0,230.0,8460.0,95.08,77.03,7.71,7.9
277,30,69.0,180,0.0,0.0,0.0,0.0,7000000.0,6000000.0,5000000.0,5811.64,139.0,112.0,175.0,1058.0,347.0,466.0,29.0,69.0,888.63,4914.59,175.0,249.98000000000002,85.97,22.0,5.0,0.0,0.0,6.42,86.0,14.0,251.0,6817.0,92.69,79.61,0.04,12.2
278,25,74.0,195,0.0,0.0,0.0,0.0,5200000.0,5200000.0,5200000.0,5359.9,93.0,36.0,89.0,653.0,264.0,96.0,9.0,39.0,693.13,4564.28,89.0,100.0,30.050000000000004,8.0,4.0,1.0,3.0,100.09,282.0,14.0,129.0,6472.0,98.64999999999999,82.38,2.02,12.200000000000001
279,25,76.0,220,0.0,0.0,0.0,0.0,0.0,4750000.0,4750000.0,3105.0600000000004,63.0,43.0,43.0,457.0,200.0,254.0,10.0,23.0,440.15,2655.91,43.0,109.38,28.08,12.0,1.0,0.0,0.0,7.800000000000001,109.0,3.0,106.0,3521.0,56.37,49.51,0.08,5.94
