fullName,name,birthDate,currentAge,birthCity,birthStateProvince,birthCountry,height,weight,alternateCaptain,captain,rookie,shootsCatches,rosterStatus,timeOnIce20,assists20,goals20,pim20,shots20,games20,hits20,powerPlayGoals20,powerPlayPoints20,powerPlayTimeOnIce20,evenTimeOnIce20,penaltyMinutes20,faceOffPct20,shotPct20,gameWinningGoals20,overTimeGoals20,shortHandedGoals20,shortHandedPoints20,shortHandedTimeOnIce20,blocked20,plusMinus20,points20,shifts20,timeOnIcePerGame20,evenTimeOnIcePerGame20,shortHandedTimeOnIcePerGame20,powerPlayTimeOnIcePerGame20,ot20,shutouts20,ties20,wins20,losses20,saves20,powerPlaySaves20,shortHandedSaves20,evenSaves20,shortHandedShots20,evenShots20,powerPlayShots20,savePercentage20,goalAgainstAverage20,gamesStarted20,shotsAgainst20,goalsAgainst20,powerPlaySavePercentage20,shortHandedSavePercentage20,evenStrengthSavePercentage20,timeOnIce19,assists19,goals19,pim19,shots19,games19,hits19,powerPlayGoals19,powerPlayPoints19,powerPlayTimeOnIce19,evenTimeOnIce19,penaltyMinutes19,faceOffPct19,shotPct19,gameWinningGoals19,overTimeGoals19,shortHandedGoals19,shortHandedPoints19,shortHandedTimeOnIce19,blocked19,plusMinus19,points19,shifts19,timeOnIcePerGame19,evenTimeOnIcePerGame19,shortHandedTimeOnIcePerGame19,powerPlayTimeOnIcePerGame19,ot19,shutouts19,ties19,wins19,losses19,saves19,powerPlaySaves19,shortHandedSaves19,evenSaves19,shortHandedShots19,evenShots19,powerPlayShots19,savePercentage19,goalAgainstAverage19,gamesStarted19,shotsAgainst19,goalsAgainst19,powerPlaySavePercentage19,shortHandedSavePercentage19,evenStrengthSavePercentage19,timeOnIce18,assists18,goals18,pim18,shots18,games18,hits18,powerPlayGoals18,powerPlayPoints18,powerPlayTimeOnIce18,evenTimeOnIce18,penaltyMinutes18,faceOffPct18,shotPct18,gameWinningGoals18,overTimeGoals18,shortHandedGoals18,shortHandedPoints18,shortHandedTimeOnIce18,blocked18,plusMinus18,points18,shifts18,timeOnIcePerGame18,evenTimeOnIcePerGame18,shortHandedTimeOnIcePerGame18,powerPlayTimeOnIcePerGame18,ot18,shutouts18,ties18,wins18,losses18,saves18,powerPlaySaves18,shortHandedSaves18,evenSaves18,shortHandedShots18,evenShots18,powerPlayShots18,savePercentage18,goalAgainstAverage18,gamesStarted18,shotsAgainst18,goalsAgainst18,powerPlaySavePercentage18,shortHandedSavePercentage18,evenStrengthSavePercentage18,timeOnIce17,assists17,goals17,pim17,shots17,games17,hits17,powerPlayGoals17,powerPlayPoints17,powerPlayTimeOnIce17,evenTimeOnIce17,penaltyMinutes17,faceOffPct17,shotPct17,gameWinningGoals17,overTimeGoals17,shortHandedGoals17,shortHandedPoints17,shortHandedTimeOnIce17,blocked17,plusMinus17,points17,shifts17,timeOnIcePerGame17,evenTimeOnIcePerGame17,shortHandedTimeOnIcePerGame17,powerPlayTimeOnIcePerGame17,ot17,shutouts17,wins17,losses17,saves17,powerPlaySaves17,shortHandedSaves17,evenSaves17,shortHandedShots17,evenShots17,powerPlayShots17,savePercentage17,goalAgainstAverage17,gamesStarted17,shotsAgainst17,goalsAgainst17,powerPlaySavePercentage17,shortHandedSavePercentage17,evenStrengthSavePercentage17,timeOnIce16,assists16,goals16,pim16,shots16,games16,hits16,powerPlayGoals16,powerPlayPoints16,powerPlayTimeOnIce16,evenTimeOnIce16,penaltyMinutes16,faceOffPct16,shotPct16,gameWinningGoals16,overTimeGoals16,shortHandedGoals16,shortHandedPoints16,shortHandedTimeOnIce16,blocked16,plusMinus16,points16,shifts16,timeOnIcePerGame16,evenTimeOnIcePerGame16,shortHandedTimeOnIcePerGame16,powerPlayTimeOnIcePerGame16,ot16,shutouts16,wins16,losses16,saves16,powerPlaySaves16,shortHandedSaves16,evenSaves16,shortHandedShots16,evenShots16,powerPlayShots16,savePercentage16,goalAgainstAverage16,gamesStarted16,shotsAgainst16,goalsAgainst16,powerPlaySavePercentage16,shortHandedSavePercentage16,evenStrengthSavePercentage16,timeOnIce15,assists15,goals15,pim15,shots15,games15,hits15,powerPlayGoals15,powerPlayPoints15,powerPlayTimeOnIce15,evenTimeOnIce15,penaltyMinutes15,faceOffPct15,shotPct15,gameWinningGoals15,overTimeGoals15,shortHandedGoals15,shortHandedPoints15,shortHandedTimeOnIce15,blocked15,plusMinus15,points15,shifts15,timeOnIcePerGame15,evenTimeOnIcePerGame15,shortHandedTimeOnIcePerGame15,powerPlayTimeOnIcePerGame15,ot15,shutouts15,wins15,losses15,saves15,powerPlaySaves15,shortHandedSaves15,evenSaves15,shortHandedShots15,evenShots15,powerPlayShots15,savePercentage15,goalAgainstAverage15,gamesStarted15,shotsAgainst15,goalsAgainst15,powerPlaySavePercentage15,shortHandedSavePercentage15,evenStrengthSavePercentage15,timeOnIce14,assists14,goals14,pim14,shots14,games14,hits14,powerPlayGoals14,powerPlayPoints14,powerPlayTimeOnIce14,evenTimeOnIce14,penaltyMinutes14,faceOffPct14,shotPct14,gameWinningGoals14,overTimeGoals14,shortHandedGoals14,shortHandedPoints14,shortHandedTimeOnIce14,blocked14,plusMinus14,points14,shifts14,timeOnIcePerGame14,evenTimeOnIcePerGame14,shortHandedTimeOnIcePerGame14,powerPlayTimeOnIcePerGame14,ot14,shutouts14,wins14,losses14,saves14,powerPlaySaves14,shortHandedSaves14,evenSaves14,shortHandedShots14,evenShots14,powerPlayShots14,savePercentage14,goalAgainstAverage14,gamesStarted14,shotsAgainst14,goalsAgainst14,powerPlaySavePercentage14,shortHandedSavePercentage14,evenStrengthSavePercentage14,2014-15,2015-16,2016-17,2017-18,2018-19,2019-20,2020-21
Aaron Dell,Goalie,1989-05-04,32,Airdrie,AB,CAN,"6' 0""",209,False,False,False,L,Y,1834:14,0,0,0,0,33,0,0,0,0,0,0,0.0,0.0,0,0,0,0,0,0,0,0,0,55:34,0,0,0,3,0,0,12,15,894,118,24,752,26,827,133,0.907,3.0094,30,986,92,88.7218045112782,92.3076923076923,90.9310761789601,1323:17,0,0,0,0,25,0,0,0,0,0,0,0.0,0.0,0,0,0,0,0,0,0,0,0,52:55,0,0,0,4,2,0,10,8,543,67,24,452,26,503,84,0.885808,3.173923,20,613,70,79.76190476190477,92.3076923076923,89.86083499005964,1522:05,0,0,0,0,29,0,0,0,0,0,0,0.0,0.0,0,0,0,0,0,0,0,0,0,52:29,0,0,0,4,2,0,15,5,708,96,26,586,27,640,108,0.913548,2.641117,22,775,67,88.88888888888889,96.29629629629629,91.5625,1110:33,0,0,0,0,20,0,0,0,0,0,0,0.0,0.0,0,0,0,0,0,0,0,0,0,55:31,0,0,0,1,1,11,6,496,47,9,440,12,465,56,0.930582,1.999009,17,533,37,83.92857142857143,75.0,94.6236559139785,0,0,0,0,0,0,0,0,0,0,0,0,0.0,0.0,0,0,0,0,0,0,0,0,0,0,0,0,0,0,0,0,0,0,0,0,0,0,0,0,0.0,0.0,0,0,0,0.0,0.0,0.0,0,0,0,0,0,0,0,0,0,0,0,0,0.0,0.0,0,0,0,0,0,0,0,0,0,0,0,0,0,0,0,0,0,0,0,0,0,0,0,0,0.0,0.0,0,0,0,0.0,0.0,0.0,0,0,0,0,0,0,0,0,0,0,0,0,0.0,0.0,0,0,0,0,0,0,0,0,0,0,0,0,0,0,0,0,0,0,0,0,0,0,0,0,0.0,0.0,0,0,0,0.0,0.0,0.0,0.0,0.0,0.0,0.0,0.0,0.0,800000.0
Cory Schneider,Goalie,1986-03-18,35,Marblehead,MA,USA,"6' 3""",200,False,False,False,L,Y,679:16,0,0,0,0,13,0,0,0,0,0,0,0.0,0.0,0,0,0,0,0,0,0,0,0,52:15,0,0,0,2,1,0,3,6,315,42,11,262,12,293,50,0.887,3.5332,11,355,40,84.0,91.66666666666666,89.419795221843,1371:47,0,0,0,0,26,0,0,0,0,0,0,0.0,0.0,0,0,0,0,0,0,0,0,0,52:45,0,0,0,4,1,0,6,13,648,74,22,552,25,610,83,0.902507,3.061708,23,718,70,89.1566265060241,88.0,90.49180327868852,2332:15,0,0,0,0,40,0,0,0,0,0,0,0.0,0.0,0,0,0,0,0,0,0,0,0,58:18,0,0,0,6,1,0,17,16,1114,169,34,911,36,996,196,0.907166,2.93279,40,1228,114,86.22448979591837,94.44444444444444,91.46586345381526,3472:50,0,0,0,0,60,0,0,0,0,0,0,0.0,0.0,0,0,0,0,0,0,0,0,0,57:52,0,0,0,11,2,20,27,1618,207,43,1368,52,1487,242,0.908478,2.816144,59,1781,163,85.53719008264463,82.6923076923077,91.99731002017485,3412:26,0,0,0,0,58,0,0,0,0,0,0,0.0,0.0,0,0,0,0,0,0,0,0,0,58:50,0,0,0,6,4,27,25,1475,228,39,1208,44,1295,258,0.923607,2.145097,58,1597,122,88.37209302325581,88.63636363636364,93.28185328185327,3923:55,0,0,0,0,69,0,0,0,0,0,0,0.0,0.0,0,0,0,0,0,0,0,0,0,56:52,0,0,0,9,5,26,31,1834,296,44,1494,48,1602,332,0.925328,2.263045,68,1982,148,89.1566265060241,91.66666666666666,93.25842696629213,2679:54,0,0,0,0,45,0,0,0,0,0,0,0.0,0.0,0,0,0,0,0,0,0,0,0,59:33,0,0,0,12,3,16,15,1019,171,33,815,33,888,186,0.920506,1.970223,43,1107,88,91.93548387096774,100.0,91.77927927927928,0.0,0.0,0.0,0.0,0.0,0.0,700000.0
Cory Schneider,Goalie,1986-03-18,35,Marblehead,MA,USA,"6' 3""",200,False,False,False,L,Y,679:16,0,0,0,0,13,0,0,0,0,0,0,0.0,0.0,0,0,0,0,0,0,0,0,0,52:15,0,0,0,2,1,0,3,6,315,42,11,262,12,293,50,0.887,3.5332,11,355,40,84.0,91.66666666666666,89.419795221843,1371:47,0,0,0,0,26,0,0,0,0,0,0,0.0,0.0,0,0,0,0,0,0,0,0,0,52:45,0,0,0,4,1,0,6,13,648,74,22,552,25,610,83,0.902507,3.061708,23,718,70,89.1566265060241,88.0,90.49180327868852,2332:15,0,0,0,0,40,0,0,0,0,0,0,0.0,0.0,0,0,0,0,0,0,0,0,0,58:18,0,0,0,6,1,0,17,16,1114,169,34,911,36,996,196,0.907166,2.93279,40,1228,114,86.22448979591837,94.44444444444444,91.46586345381526,3472:50,0,0,0,0,60,0,0,0,0,0,0,0.0,0.0,0,0,0,0,0,0,0,0,0,57:52,0,0,0,11,2,20,27,1618,207,43,1368,52,1487,242,0.908478,2.816144,59,1781,163,85.53719008264463,82.6923076923077,91.99731002017485,3412:26,0,0,0,0,58,0,0,0,0,0,0,0.0,0.0,0,0,0,0,0,0,0,0,0,58:50,0,0,0,6,4,27,25,1475,228,39,1208,44,1295,258,0.923607,2.145097,58,1597,122,88.37209302325581,88.63636363636364,93.28185328185327,3923:55,0,0,0,0,69,0,0,0,0,0,0,0.0,0.0,0,0,0,0,0,0,0,0,0,56:52,0,0,0,9,5,26,31,1834,296,44,1494,48,1602,332,0.925328,2.263045,68,1982,148,89.1566265060241,91.66666666666666,93.25842696629213,2679:54,0,0,0,0,45,0,0,0,0,0,0,0.0,0.0,0,0,0,0,0,0,0,0,0,59:33,0,0,0,12,3,16,15,1019,171,33,815,33,888,186,0.920506,1.970223,43,1107,88,91.93548387096774,100.0,91.77927927927928,0.0,0.0,0.0,0.0,0.0,0.0,700000.0
Semyon Varlamov,Goalie,1988-04-27,33,Samara,Unknown,RUS,"6' 2""",215,False,False,False,L,Y,2517:19,0,0,0,0,45,0,0,0,0,0,0,0.0,0.0,0,0,0,0,0,0,0,0,0,55:56,0,0,0,6,2,0,19,14,1168,147,23,998,26,1084,168,0.914,2.6218,39,1278,110,87.5,88.46153846153845,92.06642066420663,2839:12,0,0,0,0,49,0,0,0,0,0,0,0.0,0.0,0,0,0,0,0,0,0,0,0,57:56,0,0,0,9,2,0,20,19,1360,234,31,1095,33,1195,268,0.909091,2.874049,49,1496,136,87.31343283582089,93.93939393939394,91.63179916317992,2861:03,0,0,0,0,51,0,0,0,0,0,0,0.0,0.0,0,0,0,0,0,0,0,0,0,56:05,0,0,0,6,2,0,24,16,1467,225,43,1199,48,1299,248,0.919749,2.684329,47,1595,128,90.7258064516129,89.58333333333334,92.30177059276366,1347:47,0,0,0,0,24,0,0,0,0,0,0,0.0,0.0,0,0,0,0,0,0,0,0,0,56:09,0,0,0,0,1,6,17,669,109,21,539,21,596,128,0.897987,3.383333,23,745,76,85.15625,100.0,90.43624161073825,3159:25,0,0,0,0,57,0,0,0,0,0,0,0.0,0.0,0,0,0,0,0,0,0,0,0,55:25,0,0,0,3,2,27,25,1566,207,45,1314,49,1424,241,0.913652,2.810645,57,1714,148,85.89211618257261,91.83673469387756,92.2752808988764,3306:50,0,0,0,0,57,0,0,0,0,0,0,0.0,0.0,0,0,0,0,0,0,0,0,0,58:00,0,0,0,8,5,28,20,1650,244,35,1371,36,1496,259,0.921273,2.558339,57,1791,141,94.20849420849422,97.22222222222221,91.64438502673798,3639:46,0,0,0,0,63,0,0,0,0,0,0,0.0,0.0,0,0,0,0,0,0,0,0,0,57:46,0,0,0,6,2,41,14,1867,273,39,1555,40,1667,306,0.927471,2.406748,60,2013,146,89.2156862745098,97.5,93.28134373125376,0.0,0.0,0.0,0.0,0.0,6000000.0,4000000.0
Ilya Sorokin,Goalie,1995-08-04,25,Mezhdurechensk,Unknown,RUS,"6' 3""",190,False,False,True,L,Y,0,0,0,0,0,0,0,0,0,0,0,0,0.0,0.0,0,0,0,0,0,0,0,0,0,0,0,0,0,0,0,0,0,0,0,0,0,0,0,0,0,0.0,0.0,0,0,0,0.0,0.0,0.0,0,0,0,0,0,0,0,0,0,0,0,0,0.0,0.0,0,0,0,0,0,0,0,0,0,0,0,0,0,0,0,0,0,0,0,0,0,0,0,0,0,0.0,0.0,0,0,0,0.0,0.0,0.0,0,0,0,0,0,0,0,0,0,0,0,0,0.0,0.0,0,0,0,0,0,0,0,0,0,0,0,0,0,0,0,0,0,0,0,0,0,0,0,0,0,0.0,0.0,0,0,0,0.0,0.0,0.0,0,0,0,0,0,0,0,0,0,0,0,0,0.0,0.0,0,0,0,0,0,0,0,0,0,0,0,0,0,0,0,0,0,0,0,0,0,0,0,0,0.0,0.0,0,0,0,0.0,0.0,0.0,0,0,0,0,0,0,0,0,0,0,0,0,0.0,0.0,0,0,0,0,0,0,0,0,0,0,0,0,0,0,0,0,0,0,0,0,0,0,0,0,0.0,0.0,0,0,0,0.0,0.0,0.0,0,0,0,0,0,0,0,0,0,0,0,0,0.0,0.0,0,0,0,0,0,0,0,0,0,0,0,0,0,0,0,0,0,0,0,0,0,0,0,0,0.0,0.0,0,0,0,0.0,0.0,0.0,0,0,0,0,0,0,0,0,0,0,0,0,0.0,0.0,0,0,0,0,0,0,0,0,0,0,0,0,0,0,0,0,0,0,0,0,0,0,0,0,0.0,0.0,0,0,0,0.0,0.0,0.0,0.0,0.0,0.0,0.0,0.0,0.0,2000000.0
Keith Kinkaid,Goalie,1989-07-04,32,Farmingville,NY,USA,"6' 3""",186,False,False,False,L,Y,339:59,0,0,0,0,6,0,0,0,0,0,0,0.0,0.0,0,0,0,0,0,0,0,0,0,56:39,0,0,0,3,0,0,1,1,168,23,5,140,6,157,29,0.875,4.2355,5,192,24,79.3103448275862,83.33333333333334,89.171974522293,2301:58,0,0,0,0,41,0,0,0,0,0,0,0.0,0.0,0,0,0,0,0,0,0,0,0,56:08,0,0,0,6,3,0,15,18,1059,120,44,895,48,998,142,0.891414,3.362342,38,1188,129,84.50704225352112,91.66666666666666,89.67935871743487,2297:34,0,0,0,0,41,0,0,0,0,0,0,0.0,0.0,0,0,0,0,0,0,0,0,0,56:02,0,0,0,3,1,0,26,10,1108,138,32,938,33,1026,155,0.912685,2.768146,38,1214,106,89.03225806451613,96.96969696969697,91.42300194931774,1476:05,0,0,0,0,26,0,0,0,0,0,0,0.0,0.0,0,0,0,0,0,0,0,0,0,56:46,0,0,0,3,1,8,13,713,125,14,574,17,618,143,0.916452,2.642127,23,778,65,87.41258741258741,82.35294117647058,92.88025889967638,1240:26,0,0,0,0,23,0,0,0,0,0,0,0.0,0.0,0,0,0,0,0,0,0,0,0,53:55,0,0,0,1,2,9,9,547,93,11,443,12,488,105,0.904132,2.805471,20,605,58,88.57142857142857,91.66666666666666,90.77868852459017,925:26,0,0,0,0,19,0,0,0,0,0,0,0.0,0.0,0,0,0,0,0,0,0,0,0,48:42,0,0,0,4,0,6,5,429,59,9,361,11,387,71,0.914712,2.59338,13,469,40,83.09859154929578,81.81818181818183,93.28165374677002,0,0,0,0,0,0,0,0,0,0,0,0,0.0,0.0,0,0,0,0,0,0,0,0,0,0,0,0,0,0,0,0,0,0,0,0,0,0,0,0,0.0,0.0,0,0,0,0.0,0.0,0.0,0.0,0.0,0.0,0.0,0.0,0.0,148718.0
Igor Shesterkin,Goalie,1995-12-30,25,Moscow,Unknown,RUS,"6' 2""",182,False,False,True,L,Y,691:35,0,0,0,0,12,0,0,0,0,0,0,0.0,0.0,0,0,0,0,0,0,0,0,0,57:37,0,0,0,0,0,0,10,2,395,54,11,330,12,353,59,0.932,2.516,12,424,29,91.52542372881356,91.66666666666666,93.48441926345609,0,0,0,0,0,0,0,0,0,0,0,0,0.0,0.0,0,0,0,0,0,0,0,0,0,0,0,0,0,0,0,0,0,0,0,0,0,0,0,0,0,0.0,0.0,0,0,0,0.0,0.0,0.0,0,0,0,0,0,0,0,0,0,0,0,0,0.0,0.0,0,0,0,0,0,0,0,0,0,0,0,0,0,0,0,0,0,0,0,0,0,0,0,0,0,0.0,0.0,0,0,0,0.0,0.0,0.0,0,0,0,0,0,0,0,0,0,0,0,0,0.0,0.0,0,0,0,0,0,0,0,0,0,0,0,0,0,0,0,0,0,0,0,0,0,0,0,0,0.0,0.0,0,0,0,0.0,0.0,0.0,0,0,0,0,0,0,0,0,0,0,0,0,0.0,0.0,0,0,0,0,0,0,0,0,0,0,0,0,0,0,0,0,0,0,0,0,0,0,0,0,0.0,0.0,0,0,0,0.0,0.0,0.0,0,0,0,0,0,0,0,0,0,0,0,0,0.0,0.0,0,0,0,0,0,0,0,0,0,0,0,0,0,0,0,0,0,0,0,0,0,0,0,0,0.0,0.0,0,0,0,0.0,0.0,0.0,0,0,0,0,0,0,0,0,0,0,0,0,0.0,0.0,0,0,0,0,0,0,0,0,0,0,0,0,0,0,0,0,0,0,0,0,0,0,0,0,0.0,0.0,0,0,0,0.0,0.0,0.0,0.0,0.0,0.0,0.0,0.0,459532.0,752784.0
Brian Elliott,Goalie,1985-04-09,36,Newmarket,ON,CAN,"6' 2""",209,False,False,False,L,Y,1673:54,0,0,0,0,31,0,0,0,0,0,0,0.0,0.0,0,0,0,0,0,0,0,0,0,53:59,0,0,0,4,2,0,16,7,716,84,26,606,28,668,100,0.899,2.8676,27,796,80,84.0,92.85714285714286,90.71856287425149,1396:43,0,0,0,0,26,0,0,0,0,0,0,0.0,0.0,0,0,0,0,0,0,0,0,0,53:43,0,0,0,1,1,0,11,11,672,87,23,562,26,612,103,0.906883,2.964094,23,741,69,84.46601941747572,88.46153846153845,91.83006535947712,2522:00,0,0,0,0,43,0,0,0,0,0,0,0.0,0.0,0,0,0,0,0,0,0,0,0,58:39,0,0,0,7,1,0,23,11,1116,125,38,953,44,1030,154,0.908795,2.664552,42,1228,112,81.16883116883116,86.36363636363636,92.5242718446602,2844:25,0,0,0,0,49,0,0,0,0,0,0,0.0,0.0,0,0,0,0,0,0,0,0,0,58:02,0,0,0,3,2,26,18,1217,206,31,980,34,1068,236,0.909567,2.552369,45,1338,121,87.28813559322035,91.17647058823529,91.76029962546816,2263:00,0,0,0,0,42,0,0,0,0,0,0,0.0,0.0,0,0,0,0,0,0,0,0,0,53:52,0,0,0,6,4,23,8,1035,193,24,818,24,876,213,0.929919,2.068051,38,1113,78,90.61032863849765,100.0,93.37899543378995,2545:48,0,0,0,0,46,0,0,0,0,0,0,0.0,0.0,0,0,0,0,0,0,0,0,0,55:20,0,0,0,3,5,26,14,1054,141,27,886,32,958,160,0.916522,2.26255,45,1150,96,88.125,84.375,92.48434237995825,1624:19,0,0,0,0,31,0,0,0,0,0,0,0.0,0.0,0,0,0,0,0,0,0,0,0,52:23,0,0,0,2,4,18,6,628,93,12,523,14,566,101,0.922173,1.957746,25,681,53,92.07920792079209,85.71428571428571,92.40282685512368,0.0,0.0,0.0,0.0,0.0,0.0,1500000.0
Alex Lyon,Goalie,1992-12-09,28,Baudette,MN,USA,"6' 1""",201,False,False,False,L,Y,135:19,0,0,0,0,3,0,0,0,0,0,0,0.0,0.0,0,0,0,0,0,0,0,0,0,45:06,0,0,0,0,0,0,1,1,65,7,1,57,1,63,9,0.89,3.5472,2,73,8,77.77777777777779,100.0,90.47619047619048,70:49,0,0,0,0,2,0,0,0,0,0,0,0.0,0.0,0,0,0,0,0,0,0,0,0,35:24,0,0,0,0,0,0,0,1,25,4,3,18,3,23,5,0.806452,5.083549,1,31,6,80.0,100.0,78.26086956521739,479:48,0,0,0,0,11,0,0,0,0,0,0,0.0,0.0,0,0,0,0,0,0,0,0,0,43:37,0,0,0,1,0,0,4,2,210,19,6,185,6,204,22,0.905172,2.751146,7,232,22,86.36363636363636,100.0,90.68627450980392,0,0,0,0,0,0,0,0,0,0,0,0,0.0,0.0,0,0,0,0,0,0,0,0,0,0,0,0,0,0,0,0,0,0,0,0,0,0,0,0,0.0,0.0,0,0,0,0.0,0.0,0.0,0,0,0,0,0,0,0,0,0,0,0,0,0.0,0.0,0,0,0,0,0,0,0,0,0,0,0,0,0,0,0,0,0,0,0,0,0,0,0,0,0.0,0.0,0,0,0,0.0,0.0,0.0,0,0,0,0,0,0,0,0,0,0,0,0,0.0,0.0,0,0,0,0,0,0,0,0,0,0,0,0,0,0,0,0,0,0,0,0,0,0,0,0,0.0,0.0,0,0,0,0.0,0.0,0.0,0,0,0,0,0,0,0,0,0,0,0,0,0.0,0.0,0,0,0,0,0,0,0,0,0,0,0,0,0,0,0,0,0,0,0,0,0,0,0,0,0.0,0.0,0,0,0,0.0,0.0,0.0,0.0,0.0,0.0,0.0,0.0,0.0,205156.0
Maxime Lagace,Goalie,1993-01-12,28,Saint-Augustin,QC,CAN,"6' 2""",190,False,False,False,L,Y,0,0,0,0,0,0,0,0,0,0,0,0,0.0,0.0,0,0,0,0,0,0,0,0,0,0,0,0,0,0,0,0,0,0,0,0,0,0,0,0,0,0.0,0.0,0,0,0,0.0,0.0,0.0,59:31,0,0,0,0,1,0,0,0,0,0,0,0.0,0.0,0,0,0,0,0,0,0,0,0,59:31,0,0,0,0,0,0,0,1,27,5,0,22,0,26,5,0.870968,4.032484,1,31,4,100.0,0.0,84.61538461538461,873:31,0,0,0,0,16,0,0,0,0,0,0,0.0,0.0,0,0,0,0,0,0,0,0,0,54:35,0,0,0,1,0,0,6,7,373,67,9,297,10,339,81,0.867442,3.915209,14,430,57,82.71604938271605,90.0,87.61061946902655,0,0,0,0,0,0,0,0,0,0,0,0,0.0,0.0,0,0,0,0,0,0,0,0,0,0,0,0,0,0,0,0,0,0,0,0,0,0,0,0,0.0,0.0,0,0,0,0.0,0.0,0.0,0,0,0,0,0,0,0,0,0,0,0,0,0.0,0.0,0,0,0,0,0,0,0,0,0,0,0,0,0,0,0,0,0,0,0,0,0,0,0,0,0.0,0.0,0,0,0,0.0,0.0,0.0,0,0,0,0,0,0,0,0,0,0,0,0,0.0,0.0,0,0,0,0,0,0,0,0,0,0,0,0,0,0,0,0,0,0,0,0,0,0,0,0,0.0,0.0,0,0,0,0.0,0.0,0.0,0,0,0,0,0,0,0,0,0,0,0,0,0.0,0.0,0,0,0,0,0,0,0,0,0,0,0,0,0,0,0,0,0,0,0,0,0,0,0,0,0.0,0.0,0,0,0,0.0,0.0,0.0,0.0,0.0,0.0,0.0,0.0,0.0,48272.0
Tristan Jarry,Goalie,1995-04-29,26,Surrey,BC,CAN,"6' 2""",194,False,False,False,L,Y,1926:29,0,0,0,0,33,0,0,0,0,0,0,0.0,0.0,0,0,0,0,0,0,0,0,0,58:22,0,0,0,1,3,0,20,12,907,114,24,769,25,828,132,0.921,2.4293,31,985,78,86.36363636363636,96.0,92.8743961352657,120:03,0,0,0,0,2,0,0,0,0,0,0,0.0,0.0,0,0,0,0,0,0,0,0,0,60:01,0,0,0,1,0,0,0,1,55,0,0,55,0,62,0,0.887097,3.498542,2,62,7,0.0,0.0,88.70967741935483,1363:56,0,0,0,0,26,0,0,0,0,0,0,0.0,0.0,0,0,0,0,0,0,0,0,0,52:27,0,0,0,2,2,0,14,6,624,93,21,510,22,561,104,0.908297,2.771396,23,687,63,89.42307692307693,95.45454545454545,90.9090909090909,58:45,0,0,0,0,1,0,0,0,0,0,0,0.0,0.0,0,0,0,0,0,0,0,0,0,58:45,0,0,0,0,0,0,1,22,0,0,22,0,24,1,0.88,3.06383,1,25,3,0.0,0.0,91.66666666666666,0,0,0,0,0,0,0,0,0,0,0,0,0.0,0.0,0,0,0,0,0,0,0,0,0,0,0,0,0,0,0,0,0,0,0,0,0,0,0,0,0.0,0.0,0,0,0,0.0,0.0,0.0,0,0,0,0,0,0,0,0,0,0,0,0,0.0,0.0,0,0,0,0,0,0,0,0,0,0,0,0,0,0,0,0,0,0,0,0,0,0,0,0,0.0,0.0,0,0,0,0.0,0.0,0.0,0,0,0,0,0,0,0,0,0,0,0,0,0.0,0.0,0,0,0,0,0,0,0,0,0,0,0,0,0,0,0,0,0,0,0,0,0,0,0,0,0.0,0.0,0,0,0,0.0,0.0,0.0,0.0,0.0,0.0,0.0,0.0,0.0,2500000.0
Tuukka Rask,Goalie,1987-03-10,34,Savonlinna,Unknown,FIN,"6' 3""",176,False,False,False,L,Y,2401:47,0,0,0,0,41,0,0,0,0,0,0,0.0,0.0,0,0,0,0,0,0,0,0,0,58:34,0,0,0,6,5,0,26,8,1104,179,51,874,56,931,202,0.929,2.1234,41,1189,85,88.61386138613861,91.07142857142857,93.87755102040816,2635:09,0,0,0,0,46,0,0,0,0,0,0,0.0,0.0,0,0,0,0,0,0,0,0,0,57:17,0,0,0,5,4,0,27,13,1136,151,52,933,64,1009,172,0.91245,2.481832,45,1245,109,87.79069767441861,81.25,92.46778989098117,3173:05,0,0,0,0,54,0,0,0,0,0,0,0.0,0.0,0,0,0,0,0,0,0,0,0,58:45,0,0,0,5,3,0,34,14,1388,204,45,1139,52,1233,228,0.917383,2.363632,53,1513,125,89.47368421052632,86.53846153846155,92.37631792376317,3679:30,0,0,0,0,65,0,0,0,0,0,0,0.0,0.0,0,0,0,0,0,0,0,0,0,56:36,0,0,0,5,8,37,20,1473,222,35,1216,37,1323,250,0.914907,2.233999,64,1610,137,88.8,94.5945945945946,91.91232048374906,3678:03,0,0,0,0,64,0,0,0,0,0,0,0.0,0.0,0,0,0,0,0,0,0,0,0,57:28,0,0,0,8,4,31,22,1697,217,37,1443,39,1562,253,0.915318,2.56114,62,1854,157,85.7707509881423,94.87179487179486,92.38156209987196,4063:01,0,0,0,0,70,0,0,0,0,0,0,0.0,0.0,0,0,0,0,0,0,0,0,0,58:02,0,0,0,13,3,34,21,1855,238,44,1573,46,1692,273,0.922427,2.303707,67,2011,156,87.17948717948718,95.65217391304348,92.96690307328606,3386:27,0,0,0,0,58,0,0,0,0,0,0,0.0,0.0,0,0,0,0,0,0,0,0,0,58:23,0,0,0,6,7,36,15,1526,219,28,1279,31,1359,251,0.929921,2.037532,58,1641,115,87.25099601593625,90.32258064516128,94.11331861662987,7500000.0,7500000.0,7500000.0,7500000.0,7000000.0,6500000.0,6500000.0
Jeremy Swayman,Goalie,1998-11-24,22,Anchorage,AK,USA,"6' 2""",187,False,False,True,L,Y,0,0,0,0,0,0,0,0,0,0,0,0,0.0,0.0,0,0,0,0,0,0,0,0,0,0,0,0,0,0,0,0,0,0,0,0,0,0,0,0,0,0.0,0.0,0,0,0,0.0,0.0,0.0,0,0,0,0,0,0,0,0,0,0,0,0,0.0,0.0,0,0,0,0,0,0,0,0,0,0,0,0,0,0,0,0,0,0,0,0,0,0,0,0,0,0.0,0.0,0,0,0,0.0,0.0,0.0,0,0,0,0,0,0,0,0,0,0,0,0,0.0,0.0,0,0,0,0,0,0,0,0,0,0,0,0,0,0,0,0,0,0,0,0,0,0,0,0,0,0.0,0.0,0,0,0,0.0,0.0,0.0,0,0,0,0,0,0,0,0,0,0,0,0,0.0,0.0,0,0,0,0,0,0,0,0,0,0,0,0,0,0,0,0,0,0,0,0,0,0,0,0,0.0,0.0,0,0,0,0.0,0.0,0.0,0,0,0,0,0,0,0,0,0,0,0,0,0.0,0.0,0,0,0,0,0,0,0,0,0,0,0,0,0,0,0,0,0,0,0,0,0,0,0,0,0.0,0.0,0,0,0,0.0,0.0,0.0,0,0,0,0,0,0,0,0,0,0,0,0,0.0,0.0,0,0,0,0,0,0,0,0,0,0,0,0,0,0,0,0,0,0,0,0,0,0,0,0,0.0,0.0,0,0,0,0.0,0.0,0.0,0,0,0,0,0,0,0,0,0,0,0,0,0.0,0.0,0,0,0,0,0,0,0,0,0,0,0,0,0,0,0,0,0,0,0,0,0,0,0,0,0.0,0.0,0,0,0,0.0,0.0,0.0,0.0,0.0,0.0,0.0,0.0,0.0,279102.0
Dustin Tokarski,Goalie,1989-09-16,31,Watson,SK,CAN,"6' 0""",198,False,False,False,L,Y,0,0,0,0,0,0,0,0,0,0,0,0,0.0,0.0,0,0,0,0,0,0,0,0,0,0,0,0,0,0,0,0,0,0,0,0,0,0,0,0,0,0.0,0.0,0,0,0,0.0,0.0,0.0,0,0,0,0,0,0,0,0,0,0,0,0,0.0,0.0,0,0,0,0,0,0,0,0,0,0,0,0,0,0,0,0,0,0,0,0,0,0,0,0,0,0.0,0.0,0,0,0,0.0,0.0,0.0,0,0,0,0,0,0,0,0,0,0,0,0,0.0,0.0,0,0,0,0,0,0,0,0,0,0,0,0,0,0,0,0,0,0,0,0,0,0,0,0,0,0.0,0.0,0,0,0,0.0,0.0,0.0,09:47,0,0,0,0,1,0,0,0,0,0,0,0.0,0.0,0,0,0,0,0,0,0,0,0,09:47,0,0,0,0,0,0,0,5,2,0,3,0,3,2,1.0,0.0,0,5,0,100.0,0.0,100.0,226:10,0,0,0,0,6,0,0,0,0,0,0,0.0,0.0,0,0,0,0,0,0,0,0,0,37:41,0,0,0,0,0,1,3,86,13,1,72,1,81,16,0.877551,3.183493,4,98,12,81.25,100.0,88.88888888888889,1004:58,0,0,0,0,17,0,0,0,0,0,0,0.0,0.0,0,0,0,0,0,0,0,0,0,59:06,0,0,0,4,0,6,6,463,70,11,382,11,420,78,0.909627,2.74636,16,509,46,89.74358974358975,100.0,90.95238095238095,163:06,0,0,0,0,3,0,0,0,0,0,0,0.0,0.0,0,0,0,0,0,0,0,0,0,54:22,0,0,0,0,1,2,0,88,17,4,67,4,71,18,0.946237,1.839362,2,93,5,94.44444444444444,100.0,94.36619718309859,0.0,0.0,0.0,0.0,0.0,0.0,287500.0
Carter Hutton,Goalie,1985-12-19,35,Thunder Bay,ON,CAN,"6' 0""",208,False,False,False,L,Y,1775:26,0,0,0,0,31,0,0,0,0,0,0,0.0,0.0,0,0,0,0,0,0,0,0,0,57:16,0,0,0,4,2,0,12,14,824,102,18,704,24,772,122,0.898,3.1767,30,918,94,83.60655737704919,75.0,91.19170984455958,2839:37,0,0,0,0,50,0,0,0,0,0,0,0.0,0.0,0,0,0,0,0,0,0,0,0,56:47,0,0,0,5,0,0,18,25,1399,173,36,1190,39,1306,196,0.907852,3.000405,48,1541,142,88.26530612244898,92.3076923076923,91.11791730474732,1609:32,0,0,0,0,32,0,0,0,0,0,0,0.0,0.0,0,0,0,0,0,0,0,0,0,50:17,0,0,0,3,3,0,17,7,754,101,26,627,29,670,111,0.930864,2.087562,26,810,56,90.990990990991,89.65517241379311,93.5820895522388,1459:03,0,0,0,0,30,0,0,0,0,0,0,0.0,0.0,0,0,0,0,0,0,0,0,0,48:38,0,0,0,2,4,13,8,605,99,14,492,15,536,112,0.912519,2.385114,21,663,58,88.39285714285714,93.33333333333333,91.7910447761194,978:56,0,0,0,0,17,0,0,0,0,0,0,0.0,0.0,0,0,0,0,0,0,0,0,0,57:35,0,0,0,4,2,7,5,426,52,15,359,16,392,56,0.918103,2.329066,15,464,38,92.85714285714286,93.75,91.58163265306123,1009:51,0,0,0,0,18,0,0,0,0,0,0,0.0,0.0,0,0,0,0,0,0,0,0,0,56:06,0,0,0,4,1,6,7,406,66,10,330,11,363,76,0.902222,2.61425,17,450,44,86.8421052631579,90.9090909090909,90.9090909090909,2085:17,0,0,0,0,40,0,0,0,0,0,0,0.0,0.0,0,0,0,0,0,0,0,0,0,52:07,0,0,0,4,1,20,11,915,118,12,785,12,855,139,0.909543,2.618349,34,1006,91,84.89208633093526,100.0,91.81286549707602,0.0,0.0,0.0,0.0,2750000.0,2750000.0,2750000.0
Linus Ullmark,Goalie,1993-07-31,27,Lugnvik,Unknown,SWE,"6' 4""",215,False,False,False,L,Y,2026:38,0,0,0,0,34,0,0,0,0,0,0,0.0,0.0,0,0,0,0,0,0,0,0,0,59:36,0,0,0,3,1,0,17,14,975,129,32,814,33,879,154,0.915,2.6941,34,1066,91,83.76623376623377,96.96969696969697,92.6052332195677,2102:06,0,0,0,0,37,0,0,0,0,0,0,0.0,0.0,0,0,0,0,0,0,0,0,0,56:48,0,0,0,5,2,0,15,14,1037,107,25,905,29,992,125,0.904887,3.111175,34,1146,109,85.6,86.20689655172413,91.22983870967742,240:18,0,0,0,0,5,0,0,0,0,0,0,0.0,0.0,0,0,0,0,0,0,0,0,0,48:03,0,0,0,0,0,0,1,2,115,6,1,108,1,114,8,0.934959,1.997503,3,123,8,75.0,100.0,94.73684210526315,58:44,0,0,0,0,1,0,0,0,0,0,0,0.0,0.0,0,0,0,0,0,0,0,0,0,58:44,0,0,0,0,0,0,1,33,5,2,26,3,28,5,0.916667,3.064699,1,36,3,100.0,66.66666666666666,92.85714285714286,1130:40,0,0,0,0,20,0,0,0,0,0,0,0.0,0.0,0,0,0,0,0,0,0,0,0,56:32,0,0,0,2,0,8,10,516,45,7,464,10,503,52,0.913274,2.600236,20,565,49,86.53846153846155,70.0,92.2465208747515,0,0,0,0,0,0,0,0,0,0,0,0,0.0,0.0,0,0,0,0,0,0,0,0,0,0,0,0,0,0,0,0,0,0,0,0,0,0,0,0,0.0,0.0,0,0,0,0.0,0.0,0.0,0,0,0,0,0,0,0,0,0,0,0,0,0.0,0.0,0,0,0,0,0,0,0,0,0,0,0,0,0,0,0,0,0,0,0,0,0,0,0,0,0.0,0.0,0,0,0,0.0,0.0,0.0,0.0,0.0,0.0,0.0,0.0,0.0,2600000.0
Carey Price,Goalie,1987-08-16,33,Anahim Lake,BC,CAN,"6' 3""",220,False,False,False,L,Y,3439:49,0,0,0,0,58,0,0,0,0,0,0,0.0,0.0,0,0,0,0,0,0,0,0,0,59:18,0,0,0,6,4,0,27,25,1595,242,43,1310,45,1434,276,0.909,2.7908,58,1755,160,87.68115942028986,95.55555555555556,91.35285913528591,3880:15,0,0,0,0,66,0,0,0,0,0,0,0.0,0.0,0,0,0,0,0,0,0,0,0,58:47,0,0,0,6,4,0,35,24,1791,243,55,1493,58,1622,272,0.91752,2.48953,64,1952,161,89.33823529411765,94.82758620689656,92.04685573366214,2854:37,0,0,0,0,49,0,0,0,0,0,0,0.0,0.0,0,0,0,0,0,0,0,0,0,58:15,0,0,0,7,1,0,16,26,1339,185,40,1114,43,1226,218,0.900471,3.11075,48,1487,148,84.86238532110092,93.02325581395348,90.86460032626428,3708:08,0,0,0,0,62,0,0,0,0,0,0,0.0,0.0,0,0,0,0,0,0,0,0,0,59:48,0,0,0,5,3,37,20,1656,228,38,1390,44,1487,263,0.923077,2.232929,62,1794,138,86.69201520912547,86.36363636363636,93.47679892400808,698:20,0,0,0,0,12,0,0,0,0,0,0,0.0,0.0,0,0,0,0,0,0,0,0,0,58:11,0,0,0,0,2,10,2,341,51,11,279,11,298,56,0.934247,2.062053,12,365,24,91.07142857142857,100.0,93.6241610738255,3976:33,0,0,0,0,66,0,0,0,0,0,0,0.0,0.0,0,0,0,0,0,0,0,0,0,60:15,0,0,0,6,9,44,16,1823,244,49,1530,52,1624,277,0.933436,1.961499,66,1953,130,88.08664259927798,94.23076923076923,94.21182266009852,3464:22,0,0,0,0,59,0,0,0,0,0,0,0.0,0.0,0,0,0,0,0,0,0,0,0,58:43,0,0,0,5,6,34,20,1694,264,49,1381,54,1479,295,0.926696,2.320771,59,1828,134,89.49152542372882,90.74074074074075,93.3739012846518,0.0,0.0,0.0,0.0,15000000.0,15000000.0,9750000.0
Anton Forsberg,Goalie,1992-11-27,28,HARNOSAND,Unknown,SWE,"6' 2""",176,False,False,False,L,Y,143:09,0,0,0,0,3,0,0,0,0,0,0,0.0,0.0,0,0,0,0,0,0,0,0,0,47:43,0,0,0,0,0,0,1,1,70,9,0,61,0,69,9,0.897,3.3531,3,78,8,100.0,0.0,88.40579710144928,0,0,0,0,0,0,0,0,0,0,0,0,0.0,0.0,0,0,0,0,0,0,0,0,0,0,0,0,0,0,0,0,0,0,0,0,0,0,0,0,0,0.0,0.0,0,0,0,0.0,0.0,0.0,1714:47,0,0,0,0,35,0,0,0,0,0,0,0.0,0.0,0,0,0,0,0,0,0,0,0,48:59,0,0,0,4,0,0,10,16,836,96,35,705,35,775,111,0.907709,2.974137,30,921,85,86.48648648648648,100.0,90.96774193548387,58:35,0,0,0,0,1,0,0,0,0,0,0,0.0,0.0,0,0,0,0,0,0,0,0,0,58:35,0,0,0,0,0,0,1,23,0,0,23,0,27,0,0.851852,4.096728,1,27,4,0.0,0.0,85.18518518518519,178:09,0,0,0,0,4,0,0,0,0,0,0,0.0,0.0,0,0,0,0,0,0,0,0,0,44:32,0,0,0,0,0,1,3,88,21,3,64,3,72,22,0.907216,3.031154,3,97,9,95.45454545454545,100.0,88.88888888888889,255:43,0,0,0,0,5,0,0,0,0,0,0,0.0,0.0,0,0,0,0,0,0,0,0,0,51:08,0,0,0,0,0,0,4,129,27,3,99,4,112,33,0.865772,4.692694,5,149,20,81.81818181818183,75.0,88.39285714285714,0,0,0,0,0,0,0,0,0,0,0,0,0.0,0.0,0,0,0,0,0,0,0,0,0,0,0,0,0,0,0,0,0,0,0,0,0,0,0,0,0.0,0.0,0,0,0,0.0,0.0,0.0,0.0,0.0,0.0,0.0,0.0,0.0,150850.0
Marcus Hogberg,Goalie,1994-11-25,26,Orebro,Unknown,SWE,"6' 5""",222,False,False,True,L,Y,1344:33,0,0,0,0,24,0,0,0,0,0,0,0.0,0.0,0,0,0,0,0,0,0,0,0,56:01,0,0,0,8,0,0,5,8,658,73,13,572,14,625,89,0.904,3.1237,21,728,70,82.02247191011236,92.85714285714286,91.52,205:30,0,0,0,0,4,0,0,0,0,0,0,0.0,0.0,0,0,0,0,0,0,0,0,0,51:22,0,0,0,1,0,0,0,2,107,9,3,95,4,105,12,0.884298,4.087591,4,121,14,75.0,75.0,90.47619047619048,0,0,0,0,0,0,0,0,0,0,0,0,0.0,0.0,0,0,0,0,0,0,0,0,0,0,0,0,0,0,0,0,0,0,0,0,0,0,0,0,0,0.0,0.0,0,0,0,0.0,0.0,0.0,0,0,0,0,0,0,0,0,0,0,0,0,0.0,0.0,0,0,0,0,0,0,0,0,0,0,0,0,0,0,0,0,0,0,0,0,0,0,0,0,0.0,0.0,0,0,0,0.0,0.0,0.0,0,0,0,0,0,0,0,0,0,0,0,0,0.0,0.0,0,0,0,0,0,0,0,0,0,0,0,0,0,0,0,0,0,0,0,0,0,0,0,0,0.0,0.0,0,0,0,0.0,0.0,0.0,0,0,0,0,0,0,0,0,0,0,0,0,0.0,0.0,0,0,0,0,0,0,0,0,0,0,0,0,0,0,0,0,0,0,0,0,0,0,0,0,0.0,0.0,0,0,0,0.0,0.0,0.0,0,0,0,0,0,0,0,0,0,0,0,0,0.0,0.0,0,0,0,0,0,0,0,0,0,0,0,0,0,0,0,0,0,0,0,0,0,0,0,0,0.0,0.0,0,0,0,0.0,0.0,0.0,0.0,0.0,0.0,0.0,0.0,474138.0,700000.0
Jack Campbell,Goalie,1992-01-09,29,Port Huron,MI,USA,"6' 2""",197,False,False,False,L,Y,1566:59,0,0,0,0,26,0,0,0,0,0,0,0.0,0.0,0,0,0,0,0,0,0,0,0,60:16,0,0,0,3,0,0,11,12,688,72,21,595,22,653,86,0.904,2.7952,26,761,73,83.72093023255815,95.45454545454545,91.11791730474732,1592:46,0,0,0,0,31,0,0,0,0,0,0,0.0,0.0,0,0,0,0,0,0,0,0,0,51:22,0,0,0,1,2,0,10,14,784,102,16,666,18,714,113,0.927811,2.297888,25,845,61,90.2654867256637,88.88888888888889,93.27731092436974,266:37,0,0,0,0,5,0,0,0,0,0,0,0.0,0.0,0,0,0,0,0,0,0,0,0,53:19,0,0,0,2,0,0,2,0,134,23,12,99,12,110,23,0.924138,2.475464,4,145,11,100.0,100.0,90.0,20:00,0,0,0,0,1,0,0,0,0,0,0,0.0,0.0,0,0,0,0,0,0,0,0,0,20:00,0,0,0,0,0,0,0,5,1,0,4,0,4,1,1.0,0.0,0,5,0,100.0,0.0,100.0,0,0,0,0,0,0,0,0,0,0,0,0,0.0,0.0,0,0,0,0,0,0,0,0,0,0,0,0,0,0,0,0,0,0,0,0,0,0,0,0,0.0,0.0,0,0,0,0.0,0.0,0.0,0,0,0,0,0,0,0,0,0,0,0,0,0.0,0.0,0,0,0,0,0,0,0,0,0,0,0,0,0,0,0,0,0,0,0,0,0,0,0,0,0.0,0.0,0,0,0,0.0,0.0,0.0,60:00,0,0,0,0,1,0,0,0,0,0,0,0.0,0.0,0,0,0,0,0,0,0,0,0,60:00,0,0,0,0,0,0,1,41,14,1,26,2,29,16,0.87234,6.0,1,47,6,87.5,50.0,89.65517241379311,0.0,0.0,0.0,0.0,0.0,0.0,1500000.0
David Rittich,Goalie,1992-08-19,28,Jihlava,Unknown,CZE,"6' 3""",206,False,False,False,L,Y,2791:58,0,0,0,0,48,0,0,0,0,0,0,0.0,0.0,0,0,0,0,0,0,0,0,0,58:09,0,0,0,6,2,0,24,17,1340,187,40,1113,47,1219,212,0.907,2.9657,48,1478,138,88.20754716981132,85.1063829787234,91.30434782608695,2503:20,0,0,0,0,45,0,0,0,0,0,0,0.0,0.0,0,0,0,0,0,0,0,0,0,55:37,0,0,0,5,1,0,27,9,1119,137,41,941,46,1020,162,0.911238,2.612517,42,1228,109,84.5679012345679,89.13043478260869,92.25490196078432,1008:14,0,0,0,0,21,0,0,0,0,0,0,0.0,0.0,0,0,0,0,0,0,0,0,0,48:00,0,0,0,3,0,0,8,6,463,74,12,377,13,415,84,0.904297,2.915992,16,512,49,88.09523809523809,92.3076923076923,90.8433734939759,20:00,0,0,0,0,1,0,0,0,0,0,0,0.0,0.0,0,0,0,0,0,0,0,0,0,20:00,0,0,0,0,0,0,0,9,3,0,6,0,6,4,0.9,3.0,0,10,1,75.0,0.0,100.0,0,0,0,0,0,0,0,0,0,0,0,0,0.0,0.0,0,0,0,0,0,0,0,0,0,0,0,0,0,0,0,0,0,0,0,0,0,0,0,0,0.0,0.0,0,0,0,0.0,0.0,0.0,0,0,0,0,0,0,0,0,0,0,0,0,0.0,0.0,0,0,0,0,0,0,0,0,0,0,0,0,0,0,0,0,0,0,0,0,0,0,0,0,0.0,0.0,0,0,0,0.0,0.0,0.0,0,0,0,0,0,0,0,0,0,0,0,0,0.0,0.0,0,0,0,0,0,0,0,0,0,0,0,0,0,0,0,0,0,0,0,0,0,0,0,0,0.0,0.0,0,0,0,0.0,0.0,0.0,0.0,0.0,0.0,0.0,0.0,2750000.0,616382.0
David Rittich,Goalie,1992-08-19,28,Jihlava,Unknown,CZE,"6' 3""",206,False,False,False,L,Y,2791:58,0,0,0,0,48,0,0,0,0,0,0,0.0,0.0,0,0,0,0,0,0,0,0,0,58:09,0,0,0,6,2,0,24,17,1340,187,40,1113,47,1219,212,0.907,2.9657,48,1478,138,88.20754716981132,85.1063829787234,91.30434782608695,2503:20,0,0,0,0,45,0,0,0,0,0,0,0.0,0.0,0,0,0,0,0,0,0,0,0,55:37,0,0,0,5,1,0,27,9,1119,137,41,941,46,1020,162,0.911238,2.612517,42,1228,109,84.5679012345679,89.13043478260869,92.25490196078432,1008:14,0,0,0,0,21,0,0,0,0,0,0,0.0,0.0,0,0,0,0,0,0,0,0,0,48:00,0,0,0,3,0,0,8,6,463,74,12,377,13,415,84,0.904297,2.915992,16,512,49,88.09523809523809,92.3076923076923,90.8433734939759,20:00,0,0,0,0,1,0,0,0,0,0,0,0.0,0.0,0,0,0,0,0,0,0,0,0,20:00,0,0,0,0,0,0,0,9,3,0,6,0,6,4,0.9,3.0,0,10,1,75.0,0.0,100.0,0,0,0,0,0,0,0,0,0,0,0,0,0.0,0.0,0,0,0,0,0,0,0,0,0,0,0,0,0,0,0,0,0,0,0,0,0,0,0,0,0.0,0.0,0,0,0,0.0,0.0,0.0,0,0,0,0,0,0,0,0,0,0,0,0,0.0,0.0,0,0,0,0,0,0,0,0,0,0,0,0,0,0,0,0,0,0,0,0,0,0,0,0,0.0,0.0,0,0,0,0.0,0.0,0.0,0,0,0,0,0,0,0,0,0,0,0,0,0.0,0.0,0,0,0,0,0,0,0,0,0,0,0,0,0,0,0,0,0,0,0,0,0,0,0,0,0.0,0.0,0,0,0,0.0,0.0,0.0,0.0,0.0,0.0,0.0,0.0,2750000.0,616382.0
James Reimer,Goalie,1988-03-15,33,Morweena,MB,CAN,"6' 2""",220,False,False,False,L,Y,1378:01,0,0,0,0,25,0,0,0,0,0,0,0.0,0.0,0,0,0,0,0,0,0,0,0,55:07,0,0,0,2,3,0,14,6,651,109,13,529,15,574,123,0.914,2.656,24,712,61,88.6178861788618,86.66666666666667,92.1602787456446,1805:11,0,0,0,0,36,0,0,0,0,0,0,0.0,0.0,0,0,0,0,0,0,0,0,0,50:08,0,0,0,5,0,0,13,12,836,93,30,713,33,785,111,0.899892,3.091099,29,929,93,83.78378378378379,90.9090909090909,90.828025477707,2411:25,0,0,0,0,44,0,0,0,0,0,0,0.0,0.0,0,0,0,0,0,0,0,0,0,54:48,0,0,0,6,4,0,22,14,1253,213,25,1015,27,1110,236,0.9126,2.985797,42,1373,120,90.2542372881356,92.5925925925926,91.44144144144144,2324:35,0,0,0,0,43,0,0,0,0,0,0,0.0,0.0,0,0,0,0,0,0,0,0,0,54:03,0,0,0,5,3,18,16,1124,145,17,962,21,1035,166,0.919804,2.529486,39,1222,98,87.34939759036145,80.95238095238095,92.94685990338164,2290:27,0,0,0,0,40,0,0,0,0,0,0,0.0,0.0,0,0,0,0,0,0,0,0,0,57:15,0,0,0,7,3,17,14,1040,125,24,891,28,950,150,0.921986,2.305224,37,1128,88,83.33333333333334,85.71428571428571,93.78947368421052,1766:53,0,0,0,0,35,0,0,0,0,0,0,0.0,0.0,0,0,0,0,0,0,0,0,0,50:28,0,0,0,1,0,9,16,908,122,18,768,23,840,138,0.907093,3.158103,27,1001,93,88.40579710144928,78.26086956521739,91.42857142857143,1784:39,0,0,0,0,36,0,0,0,0,0,0,0.0,0.0,0,0,0,0,0,0,0,0,0,49:34,0,0,0,1,1,12,16,997,138,25,834,27,904,164,0.910502,3.294764,32,1095,98,84.14634146341463,92.5925925925926,92.2566371681416,0.0,0.0,5000000.0,3000000.0,3000000.0,3000000.0,3000000.0
Petr Mrazek,Goalie,1992-02-14,29,Ostrava,Unknown,CZE,"6' 1""",190,False,False,False,L,Y,2320:59,0,0,0,0,40,0,0,0,0,0,0,0.0,0.0,0,0,0,0,0,0,0,0,0,58:01,0,0,0,2,3,0,21,16,987,150,23,814,25,893,173,0.905,2.6885,38,1091,104,86.70520231213872,92.0,91.15341545352743,2386:51,0,0,0,0,40,0,0,0,0,0,0,0.0,0.0,0,0,0,0,0,0,0,0,0,59:40,0,0,0,3,4,0,23,14,1009,123,31,855,36,920,148,0.913949,2.388085,40,1104,95,83.1081081081081,86.11111111111111,92.93478260869566,2096:42,0,0,0,0,39,0,0,0,0,0,0,0.0,0.0,0,0,0,0,0,0,0,0,0,53:45,0,0,0,6,4,0,14,13,974,117,23,834,26,912,142,0.901852,3.033338,33,1080,106,82.3943661971831,88.46153846153845,91.44736842105263,2857:31,0,0,0,0,50,0,0,0,0,0,0,0.0,0.0,0,0,0,0,0,0,0,0,0,57:09,0,0,0,9,1,18,21,1317,180,21,1116,26,1225,211,0.900821,3.044602,44,1462,145,85.30805687203792,80.76923076923077,91.10204081632654,2960:35,0,0,0,0,54,0,0,0,0,0,0,0.0,0.0,0,0,0,0,0,0,0,0,0,54:49,0,0,0,6,4,27,16,1333,202,31,1100,33,1184,231,0.92058,2.330622,49,1448,115,87.44588744588745,93.93939393939394,92.9054054054054,1585:02,0,0,0,0,29,0,0,0,0,0,0,0.0,0.0,0,0,0,0,0,0,0,0,0,54:39,0,0,0,2,3,16,9,705,141,16,548,19,589,160,0.917969,2.384808,26,768,63,88.125,84.21052631578947,93.0390492359932,448:38,0,0,0,0,9,0,0,0,0,0,0,0.0,0.0,0,0,0,0,0,0,0,0,0,49:50,0,0,0,0,2,2,4,165,20,7,138,7,151,20,0.926966,1.738614,6,178,13,100.0,100.0,91.3907284768212,0.0,0.0,0.0,0.0,0.0,3000000.0,3250000.0
Sergei Bobrovsky,Goalie,1988-09-20,32,Novokuznetsk,Unknown,RUS,"6' 2""",182,False,False,False,L,Y,2805:59,0,0,0,0,50,0,0,0,0,0,0,0.0,0.0,0,0,0,0,0,0,0,0,0,56:07,0,0,0,6,1,0,23,19,1354,190,48,1116,51,1236,218,0.9,3.2288,49,1505,151,87.1559633027523,94.11764705882352,90.29126213592234,3556:40,0,0,0,0,62,0,0,0,0,0,0,0.0,0.0,0,0,0,0,0,0,0,0,0,57:21,0,0,0,1,9,0,37,24,1603,145,50,1408,55,1538,163,0.91287,2.581068,61,1756,153,88.95705521472392,90.9090909090909,91.54746423927178,3911:34,0,0,0,0,65,0,0,0,0,0,0,0.0,0.0,0,0,0,0,0,0,0,0,0,60:10,0,0,0,6,5,0,37,22,1835,207,41,1587,46,1698,249,0.920723,2.423581,65,1993,158,83.13253012048193,89.13043478260869,93.46289752650176,3707:04,0,0,0,0,63,0,0,0,0,0,0,0.0,0.0,0,0,0,0,0,0,0,0,0,58:50,0,0,0,5,7,41,17,1727,236,35,1456,36,1553,265,0.931499,2.055534,63,1854,127,89.05660377358491,97.22222222222221,93.75402446877013,2116:21,0,0,0,0,37,0,0,0,0,0,0,0.0,0.0,0,0,0,0,0,0,0,0,0,57:11,0,0,0,1,1,15,19,952,150,26,776,29,847,173,0.907531,2.750018,37,1049,97,86.70520231213872,89.65517241379311,91.61747343565526,2994:26,0,0,0,0,51,0,0,0,0,0,0,0.0,0.0,0,0,0,0,0,0,0,0,0,58:42,0,0,0,3,2,30,17,1498,275,34,1189,36,1285,311,0.917892,2.684982,49,1632,134,88.42443729903538,94.44444444444444,92.52918287937743,3299:26,0,0,0,0,58,0,0,0,0,0,0,0.0,0.0,0,0,0,0,0,0,0,0,0,56:53,0,0,0,5,5,32,20,1568,271,26,1271,33,1365,301,0.922896,2.382227,58,1699,131,90.03322259136213,78.78787878787878,93.11355311355311,0.0,0.0,0.0,0.0,0.0,11500000.0,12000000.0
Spencer Knight,Goalie,2001-04-19,20,Darien,CT,USA,"6' 3""",192,False,False,True,L,Y,0,0,0,0,0,0,0,0,0,0,0,0,0.0,0.0,0,0,0,0,0,0,0,0,0,0,0,0,0,0,0,0,0,0,0,0,0,0,0,0,0,0.0,0.0,0,0,0,0.0,0.0,0.0,0,0,0,0,0,0,0,0,0,0,0,0,0.0,0.0,0,0,0,0,0,0,0,0,0,0,0,0,0,0,0,0,0,0,0,0,0,0,0,0,0,0.0,0.0,0,0,0,0.0,0.0,0.0,0,0,0,0,0,0,0,0,0,0,0,0,0.0,0.0,0,0,0,0,0,0,0,0,0,0,0,0,0,0,0,0,0,0,0,0,0,0,0,0,0,0.0,0.0,0,0,0,0.0,0.0,0.0,0,0,0,0,0,0,0,0,0,0,0,0,0.0,0.0,0,0,0,0,0,0,0,0,0,0,0,0,0,0,0,0,0,0,0,0,0,0,0,0,0.0,0.0,0,0,0,0.0,0.0,0.0,0,0,0,0,0,0,0,0,0,0,0,0,0.0,0.0,0,0,0,0,0,0,0,0,0,0,0,0,0,0,0,0,0,0,0,0,0,0,0,0,0.0,0.0,0,0,0,0.0,0.0,0.0,0,0,0,0,0,0,0,0,0,0,0,0,0.0,0.0,0,0,0,0,0,0,0,0,0,0,0,0,0,0,0,0,0,0,0,0,0,0,0,0,0.0,0.0,0,0,0,0.0,0.0,0.0,0,0,0,0,0,0,0,0,0,0,0,0,0.0,0.0,0,0,0,0,0,0,0,0,0,0,0,0,0,0,0,0,0,0,0,0,0,0,0,0,0.0,0.0,0,0,0,0.0,0.0,0.0,0.0,0.0,0.0,0.0,0.0,0.0,293456.0
Curtis McElhinney,Goalie,1983-05-23,38,London,ON,CAN,"6' 1""",210,False,False,False,L,Y,1080:56,0,0,0,0,18,0,0,0,0,0,0,0.0,0.0,0,0,0,0,0,0,0,0,0,60:03,0,0,0,3,1,0,8,7,499,80,16,403,18,441,92,0.906,2.8864,18,551,52,86.95652173913044,88.88888888888889,91.38321995464852,1977:31,0,0,0,0,33,0,0,0,0,0,0,0.0,0.0,0,0,0,0,0,0,0,0,0,59:55,0,0,0,2,2,0,20,11,883,99,32,752,34,820,114,0.91219,2.578992,33,968,85,86.8421052631579,94.11764705882352,91.70731707317074,979:07,0,0,0,0,18,0,0,0,0,0,0,0.0,0.0,0,0,0,0,0,0,0,0,0,54:23,0,0,0,1,3,0,11,5,493,78,9,406,10,428,90,0.933712,2.14479,15,528,35,86.66666666666667,90.0,94.85981308411215,1134:39,0,0,0,0,21,0,0,0,0,0,0,0.0,0.0,0,0,0,0,0,0,0,0,0,54:01,0,0,0,2,1,8,8,565,83,7,475,8,512,96,0.917208,2.696867,15,616,51,86.45833333333334,87.5,92.7734375,835:26,0,0,0,0,18,0,0,0,0,0,0,0.0,0.0,0,0,0,0,0,0,0,0,0,46:24,0,0,0,3,0,2,7,371,71,7,293,8,330,79,0.889688,3.303675,12,417,46,89.87341772151899,87.5,88.7878787878788,1710:01,0,0,0,0,32,0,0,0,0,0,0,0.0,0.0,0,0,0,0,0,0,0,0,0,53:26,0,0,0,2,0,12,14,867,156,8,703,9,767,173,0.913593,2.877165,28,949,82,90.17341040462428,88.88888888888889,91.65580182529335,1423:09,0,0,0,0,28,0,0,0,0,0,0,0.0,0.0,0,0,0,0,0,0,0,0,0,50:49,0,0,0,1,2,10,11,639,109,19,511,19,559,125,0.908962,2.69824,21,703,64,87.2,100.0,91.41323792486583,0.0,0.0,0.0,0.0,0.0,1300000.0,1300000.0
Craig Anderson,Goalie,1981-05-21,40,Park Ridge,IL,USA,"6' 2""",186,False,False,False,L,Y,1845:11,0,0,0,0,34,0,0,0,0,0,0,0.0,0.0,0,0,0,0,0,0,0,0,0,54:16,0,0,0,2,0,0,11,17,918,134,26,758,29,830,159,0.902,3.2517,31,1018,100,84.27672955974843,89.65517241379311,91.32530120481928,2785:11,0,0,0,0,50,0,0,0,0,0,0,0.0,0.0,0,0,0,0,0,0,0,0,0,55:42,0,0,0,4,2,0,17,27,1513,201,42,1270,45,1403,228,0.902745,3.511439,47,1676,163,88.1578947368421,93.33333333333333,90.52031361368496,3250:32,0,0,0,0,58,0,0,0,0,0,0,0.0,0.0,0,0,0,0,0,0,0,0,0,56:02,0,0,0,6,2,0,23,25,1588,211,49,1328,53,1473,242,0.89819,3.322532,55,1768,180,87.19008264462809,92.45283018867924,90.15614392396469,2421:14,0,0,0,0,40,0,0,0,0,0,0,0.0,0.0,0,0,0,0,0,0,0,0,0,60:31,0,0,0,4,5,25,11,1155,140,26,989,29,1051,167,0.926223,2.27983,40,1247,92,83.8323353293413,89.65517241379311,94.10085632730733,3477:08,0,0,0,0,60,0,0,0,0,0,0,0.0,0.0,0,0,0,0,0,0,0,0,0,57:57,0,0,0,5,4,31,23,1754,244,30,1480,31,1601,283,0.915927,2.778151,60,1915,161,86.21908127208481,96.7741935483871,92.4422236102436,2092:31,0,0,0,0,35,0,0,0,0,0,0,0.0,0.0,0,0,0,0,0,0,0,0,0,59:47,0,0,0,8,3,14,13,1047,163,32,852,34,916,184,0.92328,2.494604,35,1134,87,88.58695652173914,94.11764705882352,93.01310043668121,2999:44,0,0,0,0,53,0,0,0,0,0,0,0.0,0.0,0,0,0,0,0,0,0,0,0,56:35,0,0,0,8,4,25,16,1530,223,44,1263,50,1365,265,0.910714,3.000267,52,1680,150,84.15094339622642,88.0,92.52747252747253,0.0,0.0,0.0,0.0,0.0,0.0,187054.0
Malcolm Subban,Goalie,1993-12-21,27,Toronto,ON,CAN,"6' 2""",215,False,False,False,L,Y,1134:15,0,0,0,0,21,0,0,0,0,0,0,0.0,0.0,0,0,0,0,0,0,0,0,0,54:00,0,0,0,3,0,0,9,7,486,71,14,401,15,447,84,0.89,3.1739,19,546,60,84.52380952380952,93.33333333333333,89.70917225950782,1226:47,0,0,0,0,21,0,0,0,0,0,0,0.0,0.0,0,0,0,0,0,0,0,0,0,58:25,0,0,0,2,1,0,8,10,552,60,14,478,14,524,74,0.901961,2.934504,20,612,60,81.08108108108108,100.0,91.22137404580153,1230:11,0,0,0,0,22,0,0,0,0,0,0,0.0,0.0,0,0,0,0,0,0,0,0,0,55:55,0,0,0,2,0,0,13,4,559,78,17,464,18,507,89,0.910423,2.682527,19,614,55,87.64044943820225,94.44444444444444,91.51873767258382,30:36,0,0,0,0,1,0,0,0,0,0,0,0.0,0.0,0,0,0,0,0,0,0,0,0,30:36,0,0,0,0,0,0,1,13,1,0,12,0,14,2,0.8125,5.882353,1,16,3,50.0,0.0,85.71428571428571,0,0,0,0,0,0,0,0,0,0,0,0,0.0,0.0,0,0,0,0,0,0,0,0,0,0,0,0,0,0,0,0,0,0,0,0,0,0,0,0,0.0,0.0,0,0,0,0.0,0.0,0.0,31:15,0,0,0,0,1,0,0,0,0,0,0,0.0,0.0,0,0,0,0,0,0,0,0,0,31:15,0,0,0,0,0,0,1,3,0,0,3,0,6,0,0.5,5.76,1,6,3,0.0,0.0,50.0,0,0,0,0,0,0,0,0,0,0,0,0,0.0,0.0,0,0,0,0,0,0,0,0,0,0,0,0,0,0,0,0,0,0,0,0,0,0,0,0,0.0,0.0,0,0,0,0.0,0.0,0.0,0.0,0.0,0.0,0.0,0.0,0.0,750000.0
Kevin Lankinen,Goalie,1995-04-28,26,Helsinki,Unknown,FIN,"6' 2""",185,False,False,True,L,Y,0,0,0,0,0,0,0,0,0,0,0,0,0.0,0.0,0,0,0,0,0,0,0,0,0,0,0,0,0,0,0,0,0,0,0,0,0,0,0,0,0,0.0,0.0,0,0,0,0.0,0.0,0.0,0,0,0,0,0,0,0,0,0,0,0,0,0.0,0.0,0,0,0,0,0,0,0,0,0,0,0,0,0,0,0,0,0,0,0,0,0,0,0,0,0,0.0,0.0,0,0,0,0.0,0.0,0.0,0,0,0,0,0,0,0,0,0,0,0,0,0.0,0.0,0,0,0,0,0,0,0,0,0,0,0,0,0,0,0,0,0,0,0,0,0,0,0,0,0,0.0,0.0,0,0,0,0.0,0.0,0.0,0,0,0,0,0,0,0,0,0,0,0,0,0.0,0.0,0,0,0,0,0,0,0,0,0,0,0,0,0,0,0,0,0,0,0,0,0,0,0,0,0.0,0.0,0,0,0,0.0,0.0,0.0,0,0,0,0,0,0,0,0,0,0,0,0,0.0,0.0,0,0,0,0,0,0,0,0,0,0,0,0,0,0,0,0,0,0,0,0,0,0,0,0,0.0,0.0,0,0,0,0.0,0.0,0.0,0,0,0,0,0,0,0,0,0,0,0,0,0.0,0.0,0,0,0,0,0,0,0,0,0,0,0,0,0,0,0,0,0,0,0,0,0,0,0,0,0.0,0.0,0,0,0,0.0,0.0,0.0,0,0,0,0,0,0,0,0,0,0,0,0,0.0,0.0,0,0,0,0,0,0,0,0,0,0,0,0,0,0,0,0,0,0,0,0,0,0,0,0,0.0,0.0,0,0,0,0.0,0.0,0.0,0.0,0.0,0.0,0.0,0.0,0.0,704794.0
Thomas Greiss,Goalie,1986-01-29,35,Fussen,Unknown,DEU,"6' 2""",232,False,False,False,L,Y,1595:56,0,0,0,0,31,0,0,0,0,0,0,0.0,0.0,0,0,0,0,0,0,0,0,0,51:28,0,0,0,4,0,0,16,9,765,74,13,678,14,737,87,0.913,2.7445,29,838,73,85.0574712643678,92.85714285714286,91.99457259158751,2293:42,0,0,0,0,43,0,0,0,0,0,0,0.0,0.0,0,0,0,0,0,0,0,0,0,53:20,0,0,0,2,5,0,23,14,1098,145,31,922,32,984,169,0.926582,2.275799,39,1185,87,85.79881656804734,96.875,93.69918699186992,1491:45,0,0,0,0,27,0,0,0,0,0,0,0.0,0.0,0,0,0,0,0,0,0,0,0,55:15,0,0,0,2,1,0,13,8,784,99,22,663,25,735,119,0.891923,3.821016,25,879,95,83.19327731092437,88.0,90.20408163265307,2813:17,0,0,0,0,51,0,0,0,0,0,0,0.0,0.0,0,0,0,0,0,0,0,0,0,55:09,0,0,0,5,3,26,18,1327,153,29,1145,34,1245,174,0.913283,2.687252,49,1453,126,87.93103448275862,85.29411764705883,91.96787148594377,2287:28,0,0,0,0,41,0,0,0,0,0,0,0.0,0.0,0,0,0,0,0,0,0,0,0,55:47,0,0,0,4,1,23,11,1107,154,21,932,24,999,174,0.924812,2.36069,38,1197,90,88.50574712643679,87.5,93.29329329329329,1159:22,0,0,0,0,20,0,0,0,0,0,0,0.0,0.0,0,0,0,0,0,0,0,0,0,57:58,0,0,0,3,0,9,6,496,109,12,375,14,412,120,0.908425,2.58762,18,546,50,90.83333333333333,85.71428571428571,91.01941747572816,1312:20,0,0,0,0,25,0,0,0,0,0,0,0.0,0.0,0,0,0,0,0,0,0,0,0,52:29,0,0,0,5,2,10,8,576,66,20,490,24,526,76,0.920128,2.286005,20,626,50,86.8421052631579,83.33333333333334,93.15589353612167,0.0,0.0,0.0,0.0,0.0,0.0,2800000.0
Jonathan Bernier,Goalie,1988-08-07,32,Laval,QC,CAN,"6' 0""",185,False,False,False,L,Y,2565:56,0,0,0,0,46,0,0,0,0,0,0,0.0,0.0,0,0,0,0,0,0,0,0,0,55:46,0,0,0,3,1,0,15,22,1227,194,42,991,49,1079,225,0.907,2.9463,41,1353,126,86.22222222222223,85.71428571428571,91.84430027803522,1859:54,0,0,0,0,35,0,0,0,0,0,0,0.0,0.0,0,0,0,0,0,0,0,0,0,53:08,0,0,0,5,1,0,9,18,927,116,21,790,22,874,129,0.90439,3.16146,30,1025,98,89.92248062015504,95.45454545454545,90.38901601830663,2001:23,0,0,0,0,37,0,0,0,0,0,0,0.0,0.0,0,0,0,0,0,0,0,0,0,54:05,0,0,0,3,2,0,19,13,997,178,21,798,27,865,200,0.913004,2.84803,34,1092,95,89.0,77.77777777777779,92.25433526011561,1993:11,0,0,0,0,39,0,0,0,0,0,0,0.0,0.0,0,0,0,0,0,0,0,0,0,51:06,0,0,0,4,2,21,7,899,163,14,722,17,782,183,0.915479,2.498516,33,982,83,89.07103825136612,82.35294117647058,92.32736572890026,2146:46,0,0,0,0,38,0,0,0,0,0,0,0.0,0.0,0,0,0,0,0,0,0,0,0,56:29,0,0,0,3,3,12,21,1011,134,23,854,27,938,149,0.90754,2.878748,36,1114,103,89.93288590604027,85.18518518518519,91.04477611940298,3177:09,0,0,0,0,58,0,0,0,0,0,0,0.0,0.0,0,0,0,0,0,0,0,0,0,54:46,0,0,0,7,2,21,28,1583,245,63,1275,70,1384,281,0.912392,2.870497,55,1735,152,87.18861209964413,90.0,92.12427745664739,3083:34,0,0,0,0,55,0,0,0,0,0,0,0.0,0.0,0,0,0,0,0,0,0,0,0,56:03,0,0,0,7,1,26,19,1649,238,47,1364,55,1462,270,0.922776,2.685202,49,1787,138,88.14814814814815,85.45454545454545,93.296853625171,0.0,0.0,0.0,0.0,3250000.0,3250000.0,2500000.0
Pekka Rinne,Goalie,1982-11-03,38,Kempele,Unknown,FIN,"6' 5""",217,False,False,False,L,Y,1987:46,0,0,0,0,36,0,0,0,0,0,0,0.0,0.0,0,0,0,0,0,0,0,0,0,55:12,0,0,0,4,3,0,18,14,899,110,19,770,23,840,141,0.895,3.1694,35,1004,105,78.01418439716312,82.6086956521739,91.66666666666666,3219:44,0,0,0,0,56,0,0,0,0,0,0,0.0,0.0,0,0,0,0,0,0,0,0,0,57:29,0,0,0,4,4,0,30,19,1451,180,50,1221,56,1316,209,0.917774,2.422561,55,1581,130,86.1244019138756,89.28571428571429,92.78115501519757,3475:27,0,0,0,0,59,0,0,0,0,0,0,0.0,0.0,0,0,0,0,0,0,0,0,0,58:54,0,0,0,4,8,0,42,13,1706,262,55,1389,58,1480,302,0.927174,2.313369,59,1840,134,86.75496688741721,94.82758620689656,93.85135135135135,3567:47,0,0,0,0,61,0,0,0,0,0,0,0.0,0.0,0,0,0,0,0,0,0,0,0,58:29,0,0,0,9,3,31,19,1613,221,36,1356,40,1462,255,0.918042,2.421672,61,1757,144,86.66666666666667,90.0,92.74965800273598,3895:22,0,0,0,0,66,0,0,0,0,0,0,0.0,0.0,0,0,0,0,0,0,0,0,0,59:01,0,0,0,10,4,34,21,1583,225,36,1322,37,1443,264,0.907683,2.479869,66,1744,161,85.22727272727273,97.2972972972973,91.61469161469161,3850:47,0,0,0,0,64,0,0,0,0,0,0,0.0,0.0,0,0,0,0,0,0,0,0,0,60:10,0,0,0,6,4,41,17,1667,200,39,1428,43,1532,232,0.922524,2.181374,64,1807,140,86.20689655172413,90.69767441860465,93.21148825065274,1366:49,0,0,0,0,24,0,0,0,0,0,0,0.0,0.0,0,0,0,0,0,0,0,0,0,56:57,0,0,0,3,2,10,10,582,81,11,490,11,544,90,0.902326,2.76555,24,645,63,90.0,100.0,90.07352941176471,0.0,0.0,0.0,0.0,0.0,6000000.0,4000000.0
Juuse Saros,Goalie,1995-04-19,26,Forssa,Unknown,FIN,"5' 11""",180,False,False,False,L,Y,2176:50,0,0,0,0,40,0,0,0,0,0,0,0.0,0.0,0,0,0,0,0,0,0,0,0,54:25,0,0,0,4,4,0,17,12,1044,154,31,859,34,935,173,0.914,2.7012,34,1142,98,89.01734104046243,91.17647058823529,91.8716577540107,1696:13,0,0,0,0,31,0,0,0,0,0,0,0.0,0.0,0,0,0,0,0,0,0,0,0,54:43,0,0,0,2,3,0,17,10,796,111,18,667,19,725,126,0.914943,2.61759,27,870,74,88.09523809523809,94.73684210526315,92.0,1496:40,0,0,0,0,26,0,0,0,0,0,0,0.0,0.0,0,0,0,0,0,0,0,0,0,57:33,0,0,0,7,3,0,11,5,749,130,8,611,9,657,144,0.924691,2.445434,23,810,61,90.27777777777779,88.88888888888889,92.99847792998477,1199:55,0,0,0,0,21,0,0,0,0,0,0,0.0,0.0,0,0,0,0,0,0,0,0,0,57:08,0,0,0,3,1,10,8,567,80,13,474,13,514,87,0.923453,2.350163,19,614,47,91.95402298850574,100.0,92.21789883268482,58:01,0,0,0,0,1,0,0,0,0,0,0,0.0,0.0,0,0,0,0,0,0,0,0,0,58:01,0,0,0,0,0,0,1,20,4,1,15,1,16,6,0.869565,3.102557,1,23,3,66.66666666666666,100.0,93.75,0,0,0,0,0,0,0,0,0,0,0,0,0.0,0.0,0,0,0,0,0,0,0,0,0,0,0,0,0,0,0,0,0,0,0,0,0,0,0,0,0.0,0.0,0,0,0,0.0,0.0,0.0,0,0,0,0,0,0,0,0,0,0,0,0,0.0,0.0,0,0,0,0,0,0,0,0,0,0,0,0,0,0,0,0,0,0,0,0,0,0,0,0,0.0,0.0,0,0,0,0.0,0.0,0.0,0.0,0.0,0.0,0.0,1500000.0,1500000.0,1500000.0
Kasimir Kaskisuo,Goalie,1993-10-02,27,Vantaa,Unknown,FIN,"6' 3""",203,False,False,False,L,Y,60:00,0,0,0,0,1,0,0,0,0,0,0,0.0,0.0,0,0,0,0,0,0,0,0,0,60:00,0,0,0,0,0,0,0,1,32,6,0,26,1,30,7,0.842,6.0,1,38,6,85.71428571428571,0.0,86.66666666666667,0,0,0,0,0,0,0,0,0,0,0,0,0.0,0.0,0,0,0,0,0,0,0,0,0,0,0,0,0,0,0,0,0,0,0,0,0,0,0,0,0,0.0,0.0,0,0,0,0.0,0.0,0.0,0,0,0,0,0,0,0,0,0,0,0,0,0.0,0.0,0,0,0,0,0,0,0,0,0,0,0,0,0,0,0,0,0,0,0,0,0,0,0,0,0,0.0,0.0,0,0,0,0.0,0.0,0.0,0,0,0,0,0,0,0,0,0,0,0,0,0.0,0.0,0,0,0,0,0,0,0,0,0,0,0,0,0,0,0,0,0,0,0,0,0,0,0,0,0.0,0.0,0,0,0,0.0,0.0,0.0,0,0,0,0,0,0,0,0,0,0,0,0,0.0,0.0,0,0,0,0,0,0,0,0,0,0,0,0,0,0,0,0,0,0,0,0,0,0,0,0,0.0,0.0,0,0,0,0.0,0.0,0.0,0,0,0,0,0,0,0,0,0,0,0,0,0.0,0.0,0,0,0,0,0,0,0,0,0,0,0,0,0,0,0,0,0,0,0,0,0,0,0,0,0.0,0.0,0,0,0,0.0,0.0,0.0,0,0,0,0,0,0,0,0,0,0,0,0,0.0,0.0,0,0,0,0,0,0,0,0,0,0,0,0,0,0,0,0,0,0,0,0,0,0,0,0,0.0,0.0,0,0,0,0.0,0.0,0.0,0.0,0.0,0.0,0.0,0.0,0.0,90510.0
Jacob Markstrom,Goalie,1990-01-31,31,GÃ¤vle,Unknown,SWE,"6' 6""",206,False,False,False,L,Y,2551:53,0,0,0,0,43,0,0,0,0,0,0,0.0,0.0,0,0,0,0,0,0,0,0,0,59:20,0,0,0,4,2,0,23,16,1303,183,30,1090,32,1179,209,0.918,2.7509,43,1420,117,87.5598086124402,93.75,92.45122985581001,3599:01,0,0,0,0,60,0,0,0,0,0,0,0.0,0.0,0,0,0,0,0,0,0,0,0,59:59,0,0,0,9,1,0,28,23,1730,213,49,1468,54,1599,243,0.912447,2.767423,60,1896,166,87.65432098765432,90.74074074074075,91.80737961225766,3413:43,0,0,0,0,60,0,0,0,0,0,0,0.0,0.0,0,0,0,0,0,0,0,0,0,56:53,0,0,0,7,2,0,23,26,1591,193,53,1345,58,1457,230,0.911748,2.706727,57,1745,154,83.91304347826087,91.37931034482759,92.31297185998628,1416:58,0,0,0,0,26,0,0,0,0,0,0,0.0,0.0,0,0,0,0,0,0,0,0,0,54:29,0,0,0,3,0,10,11,630,99,20,511,22,556,114,0.910405,2.625326,23,692,62,86.8421052631579,90.9090909090909,91.90647482014388,1847:26,0,0,0,0,33,0,0,0,0,0,0,0.0,0.0,0,0,0,0,0,0,0,0,0,55:58,0,0,0,4,0,13,14,904,148,17,739,21,804,163,0.91498,2.728109,30,988,84,90.79754601226993,80.95238095238095,91.91542288557214,77:38,0,0,0,0,3,0,0,0,0,0,0,0.0,0.0,0,0,0,0,0,0,0,0,0,25:52,0,0,0,0,0,1,1,29,0,0,29,0,33,0,0.878788,3.091456,2,33,4,0.0,0.0,87.87878787878788,813:21,0,0,0,0,16,0,0,0,0,0,0,0.0,0.0,0,0,0,0,0,0,0,0,0,50:50,0,0,0,3,0,2,8,315,45,9,261,10,298,53,0.872576,3.393373,12,361,46,84.90566037735849,90.0,87.58389261744966,0.0,0.0,0.0,0.0,0.0,0.0,4000000.0
Louis Domingue,Goalie,1992-03-06,29,St-Hyacinthe,QC,CAN,"6' 3""",208,False,False,False,R,Y,802:19,0,0,0,0,17,0,0,0,0,0,0,0.0,0.0,0,0,0,0,0,0,0,0,0,47:11,0,0,0,2,0,0,3,9,382,42,12,328,13,370,50,0.882,3.814,15,433,51,84.0,92.3076923076923,88.64864864864866,1560:37,0,0,0,0,26,0,0,0,0,0,0,0.0,0.0,0,0,0,0,0,0,0,0,0,60:01,0,0,0,0,0,0,21,5,737,110,29,598,31,655,126,0.907635,2.883476,26,812,75,87.3015873015873,93.54838709677419,91.29770992366413,1073:46,0,0,0,0,19,0,0,0,0,0,0,0.0,0.0,0,0,0,0,0,0,0,0,0,56:30,0,0,0,1,0,0,7,9,517,77,12,428,14,470,94,0.894464,3.408562,16,578,61,81.91489361702128,85.71428571428571,91.06382978723404,1598:41,0,0,0,0,31,0,0,0,0,0,0,0.0,0.0,0,0,0,0,0,0,0,0,0,51:34,0,0,0,1,0,11,15,806,116,19,671,20,729,139,0.907658,3.077533,26,888,82,83.45323741007195,95.0,92.04389574759945,2206:04,0,0,0,0,39,0,0,0,0,0,0,0.0,0.0,0,0,0,0,0,0,0,0,0,56:33,0,0,0,5,2,15,18,1041,151,36,854,41,923,178,0.911559,2.74697,36,1142,101,84.8314606741573,87.8048780487805,92.52437703141928,307:45,0,0,0,0,7,0,0,0,0,0,0,0.0,0.0,0,0,0,0,0,0,0,0,0,43:57,0,0,0,1,0,1,2,144,22,2,120,2,133,23,0.911392,2.729488,4,158,14,95.65217391304348,100.0,90.22556390977444,0,0,0,0,0,0,0,0,0,0,0,0,0.0,0.0,0,0,0,0,0,0,0,0,0,0,0,0,0,0,0,0,0,0,0,0,0,0,0,0,0.0,0.0,0,0,0,0.0,0.0,0.0,0.0,0.0,0.0,0.0,0.0,0.0,156884.0
Alex Stalock,Goalie,1987-07-28,33,Saint Paul,MN,USA,"5' 11""",170,False,False,False,L,Y,2177:21,0,0,0,0,38,0,0,0,0,0,0,0.0,0.0,0,0,0,0,0,0,0,0,0,57:17,0,0,0,4,4,0,20,11,985,134,31,820,34,893,155,0.91,2.673,36,1082,97,86.45161290322581,91.17647058823529,91.82530795072789,1065:06,0,0,0,0,21,0,0,0,0,0,0,0.0,0.0,0,0,0,0,0,0,0,0,0,50:43,0,0,0,3,0,0,6,8,472,72,16,384,16,422,87,0.899048,2.985635,16,525,53,82.75862068965517,100.0,90.99526066350711,1495:16,0,0,0,0,28,0,0,0,0,0,0,0.0,0.0,0,0,0,0,0,0,0,0,0,53:24,0,0,0,4,1,0,10,10,716,145,23,548,25,599,163,0.909784,2.84899,23,787,71,88.95705521472392,92.0,91.48580968280467,118:55,0,0,0,0,2,0,0,0,0,0,0,0.0,0.0,0,0,0,0,0,0,0,0,0,59:27,0,0,0,0,0,1,1,51,12,0,39,0,42,12,0.944444,1.513665,2,54,3,100.0,0.0,92.85714285714286,674:08,0,0,0,0,13,0,0,0,0,0,0,0.0,0.0,0,0,0,0,0,0,0,0,0,51:51,0,0,0,2,0,3,5,252,38,14,200,16,224,45,0.884211,2.937104,9,285,33,84.44444444444444,87.5,89.28571428571429,1236:30,0,0,0,0,22,0,0,0,0,0,0,0.0,0.0,0,0,0,0,0,0,0,0,0,56:12,0,0,0,2,2,8,9,499,52,12,435,13,476,64,0.902351,2.620299,19,553,54,81.25,92.3076923076923,91.38655462184873,1251:43,0,0,0,0,24,0,0,0,0,0,0,0.0,0.0,0,0,0,0,0,0,0,0,0,52:09,0,0,0,2,2,12,5,532,47,18,467,21,500,50,0.931699,1.869433,18,571,39,94.0,85.71428571428571,93.4,0.0,0.0,0.0,0.0,0.0,905000.0,410312.0
Mikko Koskinen,Goalie,1988-07-18,33,Vantaa,Unknown,FIN,"6' 7""",202,False,False,False,L,Y,2116:31,0,0,0,0,38,0,0,0,0,0,0,0.0,0.0,0,0,0,0,0,0,0,0,0,55:41,0,0,0,3,1,0,18,13,1078,156,21,901,24,978,173,0.917,2.7498,34,1175,97,90.17341040462428,87.5,92.12678936605317,2991:51,0,0,0,0,55,0,0,0,0,0,0,0.0,0.0,0,0,0,0,0,0,0,0,0,54:23,0,0,0,6,4,0,25,21,1405,187,31,1187,32,1300,219,0.905867,2.927954,51,1551,146,85.38812785388129,96.875,91.3076923076923,0,0,0,0,0,0,0,0,0,0,0,0,0.0,0.0,0,0,0,0,0,0,0,0,0,0,0,0,0,0,0,0,0,0,0,0,0,0,0,0,0,0.0,0.0,0,0,0,0.0,0.0,0.0,0,0,0,0,0,0,0,0,0,0,0,0,0.0,0.0,0,0,0,0,0,0,0,0,0,0,0,0,0,0,0,0,0,0,0,0,0,0,0,0,0.0,0.0,0,0,0,0.0,0.0,0.0,0,0,0,0,0,0,0,0,0,0,0,0,0.0,0.0,0,0,0,0,0,0,0,0,0,0,0,0,0,0,0,0,0,0,0,0,0,0,0,0,0.0,0.0,0,0,0,0.0,0.0,0.0,0,0,0,0,0,0,0,0,0,0,0,0,0.0,0.0,0,0,0,0,0,0,0,0,0,0,0,0,0,0,0,0,0,0,0,0,0,0,0,0,0.0,0.0,0,0,0,0.0,0.0,0.0,0,0,0,0,0,0,0,0,0,0,0,0,0.0,0.0,0,0,0,0,0,0,0,0,0,0,0,0,0,0,0,0,0,0,0,0,0,0,0,0,0.0,0.0,0,0,0,0.0,0.0,0.0,0.0,0.0,0.0,0.0,0.0,5200000.0,3800000.0
Braden Holtby,Goalie,1989-09-16,31,Lloydminster,SK,CAN,"6' 2""",214,False,False,False,L,Y,2743:10,0,0,0,0,48,0,0,0,0,0,0,0.0,0.0,0,0,0,0,0,0,0,0,0,57:08,0,0,0,6,0,0,25,14,1243,171,36,1036,40,1144,201,0.897,3.1059,47,1385,142,85.07462686567165,90.0,90.55944055944056,3406:34,0,0,0,0,59,0,0,0,0,0,0,0.0,0.0,0,0,0,0,0,0,0,0,0,57:44,0,0,0,5,3,0,32,19,1635,191,57,1387,60,1504,231,0.910864,2.818087,58,1795,160,82.68398268398268,95.0,92.22074468085107,3067:48,0,0,0,0,54,0,0,0,0,0,0,0.0,0.0,0,0,0,0,0,0,0,0,0,56:48,0,0,0,4,0,0,34,16,1495,230,35,1230,40,1345,263,0.90716,2.992372,54,1648,153,87.45247148288973,87.5,91.44981412639405,3680:10,0,0,0,0,63,0,0,0,0,0,0,0.0,0.0,0,0,0,0,0,0,0,0,0,58:24,0,0,0,6,9,42,13,1563,167,38,1358,40,1453,197,0.924852,2.070558,63,1690,127,84.77157360406092,95.0,93.46180316586373,3841:11,0,0,0,0,66,0,0,0,0,0,0,0.0,0.0,0,0,0,0,0,0,0,0,0,58:11,0,0,0,7,3,48,9,1661,234,46,1381,49,1488,265,0.921754,2.202446,66,1802,141,88.30188679245283,93.87755102040816,92.80913978494624,4247:29,0,0,0,0,73,0,0,0,0,0,0,0.0,0.0,0,0,0,0,0,0,0,0,0,58:11,0,0,0,10,9,41,20,1887,303,60,1524,63,1640,341,0.92319,2.217784,72,2044,157,88.85630498533725,95.23809523809523,92.92682926829269,2656:20,0,0,0,0,48,0,0,0,0,0,0,0.0,0.0,0,0,0,0,0,0,0,0,0,55:20,0,0,0,4,4,23,15,1349,215,43,1091,51,1176,248,0.914576,2.846028,45,1475,126,86.69354838709677,84.31372549019608,92.77210884353741,0.0,0.0,0.0,0.0,0.0,0.0,2900000.0
Thatcher Demko,Goalie,1995-12-08,25,San Diego,CA,USA,"6' 4""",192,False,False,False,L,Y,1529:03,0,0,0,0,27,0,0,0,0,0,0,0.0,0.0,0,0,0,0,0,0,0,0,0,56:37,0,0,0,2,0,0,13,10,744,111,24,609,25,673,124,0.905,3.0607,25,822,78,89.51612903225806,96.0,90.49034175334324,534:09,0,0,0,0,9,0,0,0,0,0,0,0.0,0.0,0,0,0,0,0,0,0,0,0,59:21,0,0,0,1,0,0,4,3,263,33,3,227,3,248,37,0.913194,2.8082,8,288,25,89.1891891891892,100.0,91.53225806451613,61:21,0,0,0,0,1,0,0,0,0,0,0,0.0,0.0,0,0,0,0,0,0,0,0,0,61:21,0,0,0,0,0,0,1,0,26,0,0,26,0,28,2,0.866667,3.91198,1,30,4,0.0,0.0,92.85714285714286,0,0,0,0,0,0,0,0,0,0,0,0,0.0,0.0,0,0,0,0,0,0,0,0,0,0,0,0,0,0,0,0,0,0,0,0,0,0,0,0,0.0,0.0,0,0,0,0.0,0.0,0.0,0,0,0,0,0,0,0,0,0,0,0,0,0.0,0.0,0,0,0,0,0,0,0,0,0,0,0,0,0,0,0,0,0,0,0,0,0,0,0,0,0.0,0.0,0,0,0,0.0,0.0,0.0,0,0,0,0,0,0,0,0,0,0,0,0,0.0,0.0,0,0,0,0,0,0,0,0,0,0,0,0,0,0,0,0,0,0,0,0,0,0,0,0,0.0,0.0,0,0,0,0.0,0.0,0.0,0,0,0,0,0,0,0,0,0,0,0,0,0.0,0.0,0,0,0,0,0,0,0,0,0,0,0,0,0,0,0,0,0,0,0,0,0,0,0,0,0.0,0.0,0,0,0,0.0,0.0,0.0,0.0,0.0,0.0,0.0,0.0,900000.0,1200000.0
Ryan Miller,Goalie,1980-07-17,41,East Lansing,MI,USA,"6' 2""",170,False,False,False,L,Y,1238:14,0,0,0,0,23,0,0,0,0,0,0,0.0,0.0,0,0,0,0,0,0,0,0,0,53:50,0,0,0,4,0,0,9,6,621,99,13,509,15,552,118,0.907,3.1012,19,685,64,83.89830508474576,86.66666666666667,92.21014492753623,1108:48,0,0,0,0,20,0,0,0,0,0,0,0.0,0.0,0,0,0,0,0,0,0,0,0,55:26,0,0,0,2,1,0,8,7,527,84,8,435,12,469,97,0.911765,2.75974,17,578,51,86.5979381443299,66.66666666666666,92.75053304904051,1353:16,0,0,0,0,28,0,0,0,0,0,0,0.0,0.0,0,0,0,0,0,0,0,0,0,48:19,0,0,0,6,4,0,12,6,686,109,17,560,18,595,126,0.928281,2.349869,21,739,53,86.5079365079365,94.44444444444444,94.11764705882352,3211:51,0,0,0,0,54,0,0,0,0,0,0,0.0,0.0,0,0,0,0,0,0,0,0,0,59:28,0,0,0,6,3,18,29,1587,202,36,1349,40,1460,237,0.913644,2.802123,54,1737,150,85.23206751054853,90.0,92.3972602739726,3043:29,0,0,0,0,51,0,0,0,0,0,0,0.0,0.0,0,0,0,0,0,0,0,0,0,59:40,0,0,0,9,1,17,24,1497,211,41,1245,45,1346,243,0.916157,2.700853,51,1634,137,86.83127572016461,91.11111111111111,92.4962852897474,2541:31,0,0,0,0,45,0,0,0,0,0,0,0.0,0.0,0,0,0,0,0,0,0,0,0,56:28,0,0,0,1,6,29,15,1091,147,24,920,25,1008,165,0.910684,2.526051,45,1198,107,89.0909090909091,96.0,91.26984126984127,3500:17,0,0,0,0,59,0,0,0,0,0,0,0.0,0.0,0,0,0,0,0,0,0,0,0,59:19,0,0,0,4,1,25,30,1731,278,39,1414,42,1532,311,0.918302,2.639786,59,1885,154,89.38906752411575,92.85714285714286,92.2976501305483,0.0,0.0,0.0,0.0,0.0,0.0,1000000.0
Ryan Miller,Goalie,1980-07-17,41,East Lansing,MI,USA,"6' 2""",170,False,False,False,L,Y,1238:14,0,0,0,0,23,0,0,0,0,0,0,0.0,0.0,0,0,0,0,0,0,0,0,0,53:50,0,0,0,4,0,0,9,6,621,99,13,509,15,552,118,0.907,3.1012,19,685,64,83.89830508474576,86.66666666666667,92.21014492753623,1108:48,0,0,0,0,20,0,0,0,0,0,0,0.0,0.0,0,0,0,0,0,0,0,0,0,55:26,0,0,0,2,1,0,8,7,527,84,8,435,12,469,97,0.911765,2.75974,17,578,51,86.5979381443299,66.66666666666666,92.75053304904051,1353:16,0,0,0,0,28,0,0,0,0,0,0,0.0,0.0,0,0,0,0,0,0,0,0,0,48:19,0,0,0,6,4,0,12,6,686,109,17,560,18,595,126,0.928281,2.349869,21,739,53,86.5079365079365,94.44444444444444,94.11764705882352,3211:51,0,0,0,0,54,0,0,0,0,0,0,0.0,0.0,0,0,0,0,0,0,0,0,0,59:28,0,0,0,6,3,18,29,1587,202,36,1349,40,1460,237,0.913644,2.802123,54,1737,150,85.23206751054853,90.0,92.3972602739726,3043:29,0,0,0,0,51,0,0,0,0,0,0,0.0,0.0,0,0,0,0,0,0,0,0,0,59:40,0,0,0,9,1,17,24,1497,211,41,1245,45,1346,243,0.916157,2.700853,51,1634,137,86.83127572016461,91.11111111111111,92.4962852897474,2541:31,0,0,0,0,45,0,0,0,0,0,0,0.0,0.0,0,0,0,0,0,0,0,0,0,56:28,0,0,0,1,6,29,15,1091,147,24,920,25,1008,165,0.910684,2.526051,45,1198,107,89.0909090909091,96.0,91.26984126984127,3500:17,0,0,0,0,59,0,0,0,0,0,0,0.0,0.0,0,0,0,0,0,0,0,0,0,59:19,0,0,0,4,1,25,30,1731,278,39,1414,42,1532,311,0.918302,2.639786,59,1885,154,89.38906752411575,92.85714285714286,92.2976501305483,0.0,0.0,0.0,0.0,0.0,0.0,1000000.0
John Gibson,Goalie,1993-07-14,28,Pittsburgh,PA,USA,"6' 2""",207,False,False,False,L,Y,2981:17,0,0,0,0,51,0,0,0,0,0,0,0.0,0.0,0,0,0,0,0,0,0,0,0,58:27,0,0,0,5,1,0,20,26,1403,144,37,1222,40,1339,173,0.904,2.9987,51,1552,149,83.23699421965318,92.5,91.2621359223301,3233:02,0,0,0,0,58,0,0,0,0,0,0,0.0,0.0,0,0,0,0,0,0,0,0,0,55:44,0,0,0,8,2,0,26,22,1685,285,43,1357,46,1470,322,0.916757,2.839439,57,1838,153,88.50931677018633,93.47826086956522,92.31292517006803,3428:29,0,0,0,0,60,0,0,0,0,0,0,0.0,0.0,0,0,0,0,0,0,0,0,0,57:08,0,0,0,7,4,0,31,18,1733,274,45,1414,48,1525,299,0.925748,2.432563,60,1872,139,91.63879598662207,93.75,92.72131147540983,2950:21,0,0,0,0,52,0,0,0,0,0,0,0.0,0.0,0,0,0,0,0,0,0,0,0,56:44,0,0,0,9,6,25,16,1328,229,29,1070,32,1153,252,0.924148,2.216686,49,1437,109,90.87301587301587,90.625,92.80138768430182,2294:40,0,0,0,0,40,0,0,0,0,0,0,0.0,0.0,0,0,0,0,0,0,0,0,0,57:22,0,0,0,4,4,21,13,913,165,12,736,12,802,178,0.920363,2.06566,38,992,79,92.69662921348315,100.0,91.77057356608479,1339:55,0,0,0,0,23,0,0,0,0,0,0,0.0,0.0,0,0,0,0,0,0,0,0,0,58:15,0,0,0,0,1,13,8,616,80,12,524,13,565,96,0.913947,2.597176,21,674,58,83.33333333333334,92.3076923076923,92.7433628318584,181:07,0,0,0,0,3,0,0,0,0,0,0,0.0,0.0,0,0,0,0,0,0,0,0,0,60:22,0,0,0,0,1,3,0,83,18,1,64,1,68,18,0.954023,1.325113,3,87,4,100.0,100.0,94.11764705882352,0.0,0.0,0.0,0.0,0.0,6400000.0,6400000.0
Anton Khudobin,Goalie,1986-05-07,35,Ust-Kamenogorsk,Unknown,KAZ,"5' 11""",195,False,False,False,L,Y,1677:29,0,0,0,0,30,0,0,0,0,0,0,0.0,0.0,0,0,0,0,0,0,0,0,0,55:54,0,0,0,4,0,0,16,8,820,125,20,675,21,714,147,0.93,2.2176,26,882,62,85.03401360544217,95.23809523809523,94.53781512605042,2219:30,0,0,0,0,41,0,0,0,0,0,0,0.0,0.0,0,0,0,0,0,0,0,0,0,54:08,0,0,0,5,2,0,16,17,1137,163,31,943,32,1014,186,0.92289,2.568146,37,1232,95,87.63440860215054,96.875,92.99802761341223,1780:43,0,0,0,0,31,0,0,0,0,0,0,0.0,0.0,0,0,0,0,0,0,0,0,0,57:26,0,0,0,7,1,0,16,6,800,128,40,632,43,689,144,0.913242,2.560767,29,876,76,88.88888888888889,93.02325581395348,91.72714078374456,884:47,0,0,0,0,16,0,0,0,0,0,0,0.0,0.0,0,0,0,0,0,0,0,0,0,55:17,0,0,0,1,0,7,6,366,56,10,300,13,331,61,0.903704,2.644715,14,405,39,91.80327868852459,76.92307692307693,90.6344410876133,356:20,0,0,0,0,9,0,0,0,0,0,0,0.0,0.0,0,0,0,0,0,0,0,0,0,39:35,0,0,0,0,1,3,3,159,34,2,123,2,137,36,0.908571,2.694107,7,175,16,94.44444444444444,100.0,89.78102189781022,1920:21,0,0,0,0,34,0,0,0,0,0,0,0.0,0.0,0,0,0,0,0,0,0,0,0,56:28,0,0,0,6,1,8,17,787,89,11,687,12,762,100,0.900458,2.718254,32,874,87,89.0,91.66666666666666,90.15748031496062,2084:18,0,0,0,0,36,0,0,0,0,0,0,0.0,0.0,0,0,0,0,0,0,0,0,0,57:53,0,0,0,1,1,19,14,996,103,23,870,29,931,116,0.925651,2.302931,34,1076,80,88.79310344827587,79.3103448275862,93.44790547798067,0.0,0.0,0.0,0.0,0.0,0.0,2500000.0
Troy Grosenick,Goalie,1989-08-27,31,Brookfield,WI,USA,"6' 1""",185,False,False,False,L,Y,0,0,0,0,0,0,0,0,0,0,0,0,0.0,0.0,0,0,0,0,0,0,0,0,0,0,0,0,0,0,0,0,0,0,0,0,0,0,0,0,0,0.0,0.0,0,0,0,0.0,0.0,0.0,0,0,0,0,0,0,0,0,0,0,0,0,0.0,0.0,0,0,0,0,0,0,0,0,0,0,0,0,0,0,0,0,0,0,0,0,0,0,0,0,0,0.0,0.0,0,0,0,0.0,0.0,0.0,0,0,0,0,0,0,0,0,0,0,0,0,0.0,0.0,0,0,0,0,0,0,0,0,0,0,0,0,0,0,0,0,0,0,0,0,0,0,0,0,0,0.0,0.0,0,0,0,0.0,0.0,0.0,0,0,0,0,0,0,0,0,0,0,0,0,0.0,0.0,0,0,0,0,0,0,0,0,0,0,0,0,0,0,0,0,0,0,0,0,0,0,0,0,0.0,0.0,0,0,0,0.0,0.0,0.0,0,0,0,0,0,0,0,0,0,0,0,0,0.0,0.0,0,0,0,0,0,0,0,0,0,0,0,0,0,0,0,0,0,0,0,0,0,0,0,0,0.0,0.0,0,0,0,0.0,0.0,0.0,118:22,0,0,0,0,2,0,0,0,0,0,0,0.0,0.0,0,0,0,0,0,0,0,0,0,59:11,0,0,0,0,1,1,1,55,3,0,52,0,55,3,0.948276,1.520698,2,58,3,100.0,0.0,94.54545454545455,0,0,0,0,0,0,0,0,0,0,0,0,0.0,0.0,0,0,0,0,0,0,0,0,0,0,0,0,0,0,0,0,0,0,0,0,0,0,0,0,0.0,0.0,0,0,0,0.0,0.0,0.0,0.0,0.0,0.0,0.0,0.0,0.0,205156.0
Jonathan Quick,Goalie,1986-01-21,35,Milford,CT,USA,"6' 1""",216,False,False,False,L,Y,2516:14,0,0,0,0,42,0,0,0,0,0,0,0.0,0.0,0,0,0,0,0,0,0,0,0,59:54,0,0,0,4,1,0,16,22,1107,139,41,927,41,1016,167,0.904,2.7899,42,1224,117,83.23353293413174,100.0,91.24015748031496,2647:34,0,0,0,0,46,0,0,0,0,0,0,0.0,0.0,0,0,0,0,0,0,0,0,0,57:33,0,0,0,7,2,0,16,23,1180,132,37,1011,44,1125,160,0.887886,3.376686,46,1329,149,82.5,84.0909090909091,89.86666666666666,3677:05,0,0,0,0,64,0,0,0,0,0,0,0.0,0.0,0,0,0,0,0,0,0,0,0,57:27,0,0,0,3,5,0,33,28,1720,257,56,1407,59,1521,287,0.921264,2.39864,63,1867,147,89.54703832752612,94.91525423728814,92.50493096646942,930:57,0,0,0,0,17,0,0,0,0,0,0,0.0,0.0,0,0,0,0,0,0,0,0,0,54:45,0,0,0,2,2,8,5,386,47,6,333,6,360,55,0.916865,2.25576,17,421,35,85.45454545454545,100.0,92.5,4034:29,0,0,0,0,68,0,0,0,0,0,0,0.0,0.0,0,0,0,0,0,0,0,0,0,59:19,0,0,0,5,5,40,23,1671,294,24,1353,26,1458,336,0.918132,2.215897,68,1820,149,87.5,92.3076923076923,92.79835390946502,4184:15,0,0,0,0,72,0,0,0,0,0,0,0.0,0.0,0,0,0,0,0,0,0,0,0,58:06,0,0,0,13,6,36,22,1740,231,54,1455,55,1572,269,0.917722,2.23696,71,1896,156,85.87360594795538,98.18181818181819,92.55725190839695,2904:26,0,0,0,0,49,0,0,0,0,0,0,0.0,0.0,0,0,0,0,0,0,0,0,0,59:16,0,0,0,4,6,27,17,1083,187,34,862,38,928,217,0.915469,2.065807,49,1183,100,86.17511520737328,89.47368421052632,92.88793103448276,7000000.0,7000000.0,7000000.0,7000000.0,7000000.0,7000000.0,3500000.0
Martin Jones,Goalie,1990-01-10,31,North Vancouver,BC,CAN,"6' 4""",190,False,False,False,L,Y,2359:50,0,0,0,0,41,0,0,0,0,0,0,0.0,0.0,0,0,0,0,0,0,0,0,0,57:33,0,0,0,2,2,0,17,21,1021,191,31,799,34,897,208,0.896,3.0002,40,1139,118,91.82692307692307,91.17647058823529,89.07469342251952,3597:13,0,0,0,0,62,0,0,0,0,0,0,0.0,0.0,0,0,0,0,0,0,0,0,0,58:01,0,0,0,5,3,0,36,19,1523,210,61,1252,64,1398,237,0.89641,2.935603,62,1699,176,88.60759493670885,95.3125,89.55650929899856,3415:44,0,0,0,0,60,0,0,0,0,0,0,0.0,0.0,0,0,0,0,0,0,0,0,0,56:55,0,0,0,6,4,0,30,22,1554,202,56,1296,58,1418,223,0.914656,2.547037,60,1699,145,90.5829596412556,96.55172413793103,91.3963328631876,3800:21,0,0,0,0,65,0,0,0,0,0,0,0.0,0.0,0,0,0,0,0,0,0,0,0,58:28,0,0,0,6,2,35,23,1573,244,46,1283,48,1401,276,0.911884,2.399779,65,1725,152,88.40579710144928,95.83333333333334,91.57744468236973,3785:52,0,0,0,0,65,0,0,0,0,0,0,0.0,0.0,0,0,0,0,0,0,0,0,0,58:14,0,0,0,4,6,37,23,1591,234,42,1315,45,1421,268,0.917532,2.266324,65,1734,143,87.31343283582089,93.33333333333333,92.54046446164674,775:22,0,0,0,0,15,0,0,0,0,0,0,0.0,0.0,0,0,0,0,0,0,0,0,0,51:41,0,0,0,2,3,4,5,278,33,9,236,9,258,40,0.905537,2.2441,11,307,29,82.5,100.0,91.47286821705426,1094:40,0,0,0,0,19,0,0,0,0,0,0,0.0,0.0,0,0,0,0,0,0,0,0,0,57:36,0,0,0,0,4,12,6,467,88,10,369,10,389,101,0.934,1.80877,18,500,33,87.12871287128714,100.0,94.85861182519281,0.0,0.0,0.0,0.0,6750000.0,6750000.0,6000000.0
Adin Hill,Goalie,1996-05-11,25,Comox,BC,CAN,"6' 6""",202,False,False,False,L,Y,640:46,0,0,0,0,13,0,0,0,0,0,0,0.0,0.0,0,0,0,0,0,0,0,0,0,49:17,0,0,0,3,0,0,2,4,315,36,14,265,14,284,45,0.918,2.6219,9,343,28,80.0,100.0,93.30985915492957,696:21,0,0,0,0,13,0,0,0,0,0,0,0.0,0.0,0,0,0,0,0,0,0,0,0,53:33,0,0,0,0,1,0,7,5,290,36,10,244,10,271,41,0.900621,2.757234,11,322,32,87.8048780487805,100.0,90.03690036900369,240:45,0,0,0,0,4,0,0,0,0,0,0,0.0,0.0,0,0,0,0,0,0,0,0,0,60:11,0,0,0,0,0,0,1,3,115,7,2,106,2,118,9,0.891473,3.489097,4,129,14,77.77777777777779,100.0,89.83050847457628,0,0,0,0,0,0,0,0,0,0,0,0,0.0,0.0,0,0,0,0,0,0,0,0,0,0,0,0,0,0,0,0,0,0,0,0,0,0,0,0,0.0,0.0,0,0,0,0.0,0.0,0.0,0,0,0,0,0,0,0,0,0,0,0,0,0.0,0.0,0,0,0,0,0,0,0,0,0,0,0,0,0,0,0,0,0,0,0,0,0,0,0,0,0.0,0.0,0,0,0,0.0,0.0,0.0,0,0,0,0,0,0,0,0,0,0,0,0,0.0,0.0,0,0,0,0,0,0,0,0,0,0,0,0,0,0,0,0,0,0,0,0,0,0,0,0,0.0,0.0,0,0,0,0.0,0.0,0.0,0,0,0,0,0,0,0,0,0,0,0,0,0.0,0.0,0,0,0,0,0,0,0,0,0,0,0,0,0,0,0,0,0,0,0,0,0,0,0,0,0.0,0.0,0,0,0,0.0,0.0,0.0,0.0,0.0,0.0,0.0,0.0,0.0,800000.0
Adin Hill,Goalie,1996-05-11,25,Comox,BC,CAN,"6' 6""",202,False,False,False,L,Y,640:46,0,0,0,0,13,0,0,0,0,0,0,0.0,0.0,0,0,0,0,0,0,0,0,0,49:17,0,0,0,3,0,0,2,4,315,36,14,265,14,284,45,0.918,2.6219,9,343,28,80.0,100.0,93.30985915492957,696:21,0,0,0,0,13,0,0,0,0,0,0,0.0,0.0,0,0,0,0,0,0,0,0,0,53:33,0,0,0,0,1,0,7,5,290,36,10,244,10,271,41,0.900621,2.757234,11,322,32,87.8048780487805,100.0,90.03690036900369,240:45,0,0,0,0,4,0,0,0,0,0,0,0.0,0.0,0,0,0,0,0,0,0,0,0,60:11,0,0,0,0,0,0,1,3,115,7,2,106,2,118,9,0.891473,3.489097,4,129,14,77.77777777777779,100.0,89.83050847457628,0,0,0,0,0,0,0,0,0,0,0,0,0.0,0.0,0,0,0,0,0,0,0,0,0,0,0,0,0,0,0,0,0,0,0,0,0,0,0,0,0.0,0.0,0,0,0,0.0,0.0,0.0,0,0,0,0,0,0,0,0,0,0,0,0,0.0,0.0,0,0,0,0,0,0,0,0,0,0,0,0,0,0,0,0,0,0,0,0,0,0,0,0,0.0,0.0,0,0,0,0.0,0.0,0.0,0,0,0,0,0,0,0,0,0,0,0,0,0.0,0.0,0,0,0,0,0,0,0,0,0,0,0,0,0,0,0,0,0,0,0,0,0,0,0,0,0.0,0.0,0,0,0,0.0,0.0,0.0,0,0,0,0,0,0,0,0,0,0,0,0,0.0,0.0,0,0,0,0,0,0,0,0,0,0,0,0,0,0,0,0,0,0,0,0,0,0,0,0,0.0,0.0,0,0,0,0.0,0.0,0.0,0.0,0.0,0.0,0.0,0.0,0.0,800000.0
Joonas Korpisalo,Goalie,1994-04-28,27,Pori,Unknown,FIN,"6' 3""",192,False,False,False,L,Y,2125:54,0,0,0,0,37,0,0,0,0,0,0,0.0,0.0,0,0,0,0,0,0,0,0,0,57:27,0,0,0,5,2,0,19,12,938,122,27,789,32,858,140,0.911,2.5965,35,1030,92,87.14285714285714,84.375,91.95804195804196,1360:34,0,0,0,0,27,0,0,0,0,0,0,0.0,0.0,0,0,0,0,0,0,0,0,0,50:23,0,0,0,3,0,0,10,7,584,54,9,521,10,575,66,0.897081,2.954651,21,651,67,81.81818181818183,90.0,90.6086956521739,1048:49,0,0,0,0,18,0,0,0,0,0,0,0.0,0.0,0,0,0,0,0,0,0,0,0,58:16,0,0,0,1,0,0,8,8,506,67,18,421,20,469,75,0.897163,3.318025,17,564,58,89.33333333333333,90.0,89.76545842217483,790:31,0,0,0,0,14,0,0,0,0,0,0,0.0,0.0,0,0,0,0,0,0,0,0,0,56:27,0,0,0,1,1,7,5,363,49,3,311,3,343,55,0.905237,2.88419,13,401,38,89.0909090909091,100.0,90.67055393586006,1803:03,0,0,0,0,31,0,0,0,0,0,0,0.0,0.0,0,0,0,0,0,0,0,0,0,58:09,0,0,0,4,0,16,11,891,111,20,760,23,816,130,0.919505,2.595602,30,969,78,85.38461538461539,86.95652173913044,93.13725490196079,0,0,0,0,0,0,0,0,0,0,0,0,0.0,0.0,0,0,0,0,0,0,0,0,0,0,0,0,0,0,0,0,0,0,0,0,0,0,0,0,0.0,0.0,0,0,0,0.0,0.0,0.0,0,0,0,0,0,0,0,0,0,0,0,0,0.0,0.0,0,0,0,0,0,0,0,0,0,0,0,0,0,0,0,0,0,0,0,0,0,0,0,0,0.0,0.0,0,0,0,0.0,0.0,0.0,0.0,0.0,0.0,0.0,0.0,0.0,2200000.0
Elvis Merzlikins,Goalie,1994-04-13,27,Riga,Unknown,LVA,"6' 3""",185,False,False,False,L,Y,1815:08,0,0,0,0,33,0,0,0,0,0,0,0.0,0.0,0,0,0,0,0,0,0,0,0,55:00,0,0,0,8,5,0,13,9,848,75,14,759,14,820,85,0.923,2.3469,31,919,71,88.23529411764706,100.0,92.5609756097561,0,0,0,0,0,0,0,0,0,0,0,0,0.0,0.0,0,0,0,0,0,0,0,0,0,0,0,0,0,0,0,0,0,0,0,0,0,0,0,0,0,0.0,0.0,0,0,0,0.0,0.0,0.0,0,0,0,0,0,0,0,0,0,0,0,0,0.0,0.0,0,0,0,0,0,0,0,0,0,0,0,0,0,0,0,0,0,0,0,0,0,0,0,0,0,0.0,0.0,0,0,0,0.0,0.0,0.0,0,0,0,0,0,0,0,0,0,0,0,0,0.0,0.0,0,0,0,0,0,0,0,0,0,0,0,0,0,0,0,0,0,0,0,0,0,0,0,0,0.0,0.0,0,0,0,0.0,0.0,0.0,0,0,0,0,0,0,0,0,0,0,0,0,0.0,0.0,0,0,0,0,0,0,0,0,0,0,0,0,0,0,0,0,0,0,0,0,0,0,0,0,0.0,0.0,0,0,0,0.0,0.0,0.0,0,0,0,0,0,0,0,0,0,0,0,0,0.0,0.0,0,0,0,0,0,0,0,0,0,0,0,0,0,0,0,0,0,0,0,0,0,0,0,0,0.0,0.0,0,0,0,0.0,0.0,0.0,0,0,0,0,0,0,0,0,0,0,0,0,0.0,0.0,0,0,0,0,0,0,0,0,0,0,0,0,0,0,0,0,0,0,0,0,0,0,0,0,0.0,0.0,0,0,0,0.0,0.0,0.0,0.0,0.0,0.0,0.0,0.0,0.0,3000000.0
Kaapo Kahkonen,Goalie,1996-08-16,24,Helsinki,Unknown,FIN,"6' 2""",215,False,False,True,L,Y,304:12,0,0,0,0,5,0,0,0,0,0,0,0.0,0.0,0,0,0,0,0,0,0,0,0,60:50,0,0,0,1,0,0,3,1,157,12,4,141,4,151,17,0.913,2.9586,5,172,15,70.58823529411765,100.0,93.37748344370861,0,0,0,0,0,0,0,0,0,0,0,0,0.0,0.0,0,0,0,0,0,0,0,0,0,0,0,0,0,0,0,0,0,0,0,0,0,0,0,0,0,0.0,0.0,0,0,0,0.0,0.0,0.0,0,0,0,0,0,0,0,0,0,0,0,0,0.0,0.0,0,0,0,0,0,0,0,0,0,0,0,0,0,0,0,0,0,0,0,0,0,0,0,0,0,0.0,0.0,0,0,0,0.0,0.0,0.0,0,0,0,0,0,0,0,0,0,0,0,0,0.0,0.0,0,0,0,0,0,0,0,0,0,0,0,0,0,0,0,0,0,0,0,0,0,0,0,0,0.0,0.0,0,0,0,0.0,0.0,0.0,0,0,0,0,0,0,0,0,0,0,0,0,0.0,0.0,0,0,0,0,0,0,0,0,0,0,0,0,0,0,0,0,0,0,0,0,0,0,0,0,0.0,0.0,0,0,0,0.0,0.0,0.0,0,0,0,0,0,0,0,0,0,0,0,0,0.0,0.0,0,0,0,0,0,0,0,0,0,0,0,0,0,0,0,0,0,0,0,0,0,0,0,0,0.0,0.0,0,0,0,0.0,0.0,0.0,0,0,0,0,0,0,0,0,0,0,0,0,0.0,0.0,0,0,0,0,0,0,0,0,0,0,0,0,0,0,0,0,0,0,0,0,0,0,0,0,0.0,0.0,0,0,0,0.0,0.0,0.0,0.0,0.0,0.0,0.0,0.0,0.0,700000.0
Laurent Brossoit,Goalie,1993-03-23,28,Port Alberni,BC,CAN,"6' 3""",204,False,False,False,L,Y,987:53,0,0,0,0,19,0,0,0,0,0,0,0.0,0.0,0,0,0,0,0,0,0,0,0,51:59,0,0,0,1,0,0,6,7,458,52,17,389,18,430,64,0.895,3.2797,15,512,54,81.25,94.44444444444444,90.46511627906978,1165:17,0,0,0,0,21,0,0,0,0,0,0,0.0,0.0,0,0,0,0,0,0,0,0,0,55:29,0,0,0,2,1,0,13,6,603,89,16,498,18,533,101,0.924847,2.522992,19,652,49,88.11881188118812,88.88888888888889,93.43339587242026,740:14,0,0,0,0,14,0,0,0,0,0,0,0.0,0.0,0,0,0,0,0,0,0,0,0,52:52,0,0,0,1,0,0,3,7,303,40,13,250,15,276,52,0.883382,3.242221,10,343,40,76.92307692307693,86.66666666666667,90.57971014492753,332:27,0,0,0,0,8,0,0,0,0,0,0,0.0,0.0,0,0,0,0,0,0,0,0,0,41:33,0,0,0,0,0,4,1,142,17,2,123,3,132,18,0.928105,1.985261,4,153,11,94.44444444444444,66.66666666666666,93.18181818181817,299:31,0,0,0,0,5,0,0,0,0,0,0,0.0,0.0,0,0,0,0,0,0,0,0,0,59:54,0,0,0,1,0,0,4,124,17,3,104,4,119,19,0.873239,3.605809,5,142,18,89.47368421052632,75.0,87.39495798319328,59:36,0,0,0,0,1,0,0,0,0,0,0,0.0,0.0,0,0,0,0,0,0,0,0,0,59:36,0,0,0,0,0,0,1,49,2,2,45,2,47,2,0.960784,2.013423,1,51,2,100.0,100.0,95.74468085106383,0,0,0,0,0,0,0,0,0,0,0,0,0.0,0.0,0,0,0,0,0,0,0,0,0,0,0,0,0,0,0,0,0,0,0,0,0,0,0,0,0.0,0.0,0,0,0,0.0,0.0,0.0,0.0,0.0,0.0,0.0,0.0,0.0,1500000.0
Connor Hellebuyck,Goalie,1993-05-19,28,Commerce,MI,USA,"6' 4""",207,False,False,False,L,Y,3268:33,0,0,0,0,58,0,0,0,0,0,0,0.0,0.0,0,0,0,0,0,0,0,0,0,56:21,0,0,0,5,6,0,31,21,1656,189,49,1418,50,1530,216,0.922,2.5699,56,1796,140,87.5,98.0,92.6797385620915,3704:06,0,0,0,0,63,0,0,0,0,0,0,0.0,0.0,0,0,0,0,0,0,0,0,0,58:47,0,0,0,3,2,0,34,23,1872,274,57,1541,62,1675,314,0.912725,2.89949,62,2051,179,87.26114649681529,91.93548387096774,92.0,3965:54,0,0,0,0,67,0,0,0,0,0,0,0.0,0.0,0,0,0,0,0,0,0,0,0,59:11,0,0,0,9,6,0,44,11,1892,347,60,1485,64,1599,385,0.923828,2.36012,64,2048,156,90.12987012987013,93.75,92.87054409005628,3033:31,0,0,0,0,56,0,0,0,0,0,0,0.0,0.0,0,0,0,0,0,0,0,0,0,54:10,0,0,0,4,4,26,19,1426,231,40,1155,44,1259,269,0.907125,2.887738,53,1572,146,85.87360594795538,90.9090909090909,91.73947577442415,1433:28,0,0,0,0,26,0,0,0,0,0,0,0.0,0.0,0,0,0,0,0,0,0,0,0,55:08,0,0,0,1,2,13,11,627,95,8,524,9,559,115,0.918009,2.343968,26,683,56,82.6086956521739,88.88888888888889,93.73881932021467,0,0,0,0,0,0,0,0,0,0,0,0,0.0,0.0,0,0,0,0,0,0,0,0,0,0,0,0,0,0,0,0,0,0,0,0,0,0,0,0,0.0,0.0,0,0,0,0.0,0.0,0.0,0,0,0,0,0,0,0,0,0,0,0,0,0.0,0.0,0,0,0,0,0,0,0,0,0,0,0,0,0,0,0,0,0,0,0,0,0,0,0,0,0.0,0.0,0,0,0,0.0,0.0,0.0,0.0,0.0,0.0,0.0,7000000.0,6000000.0,4500000.0
Darcy Kuemper,Goalie,1990-05-05,31,Saskatoon,SK,CAN,"6' 5""",215,False,False,False,L,Y,1753:24,0,0,0,0,29,0,0,0,0,0,0,0.0,0.0,0,0,0,0,0,0,0,0,0,60:27,0,0,0,2,2,0,16,11,838,111,17,710,18,760,125,0.928,2.2243,29,903,65,88.8,94.44444444444444,93.42105263157895,3251:15,0,0,0,0,55,0,0,0,0,0,0,0.0,0.0,0,0,0,0,0,0,0,0,0,59:06,0,0,0,8,5,0,27,20,1551,175,60,1316,62,1420,195,0.924866,2.32526,55,1677,126,89.74358974358975,96.7741935483871,92.67605633802816,1595:53,0,0,0,0,29,0,0,0,0,0,0,0.0,0.0,0,0,0,0,0,0,0,0,0,55:01,0,0,0,5,4,0,12,7,766,108,27,631,30,681,122,0.919568,2.518981,25,833,67,88.52459016393442,90.0,92.65785609397945,1053:02,0,0,0,0,18,0,0,0,0,0,0,0.0,0.0,0,0,0,0,0,0,0,0,0,58:30,0,0,0,3,0,8,5,507,53,7,447,8,493,61,0.902135,3.133804,17,562,55,86.88524590163934,87.5,90.66937119675457,1063:24,0,0,0,0,21,0,0,0,0,0,0,0.0,0.0,0,0,0,0,0,0,0,0,0,50:38,0,0,0,5,2,6,7,464,57,13,394,15,430,62,0.915187,2.42618,16,507,43,91.93548387096774,86.66666666666667,91.62790697674419,1568:43,0,0,0,0,31,0,0,0,0,0,0,0.0,0.0,0,0,0,0,0,0,0,0,0,50:36,0,0,0,2,3,14,12,650,58,18,574,19,630,69,0.905292,2.600852,28,718,68,84.05797101449275,94.73684210526315,91.11111111111111,1480:14,0,0,0,0,26,0,0,0,0,0,0,0.0,0.0,0,0,0,0,0,0,0,0,0,56:55,0,0,0,4,2,12,8,642,74,10,558,13,599,90,0.91453,2.432049,25,702,60,82.22222222222221,76.92307692307693,93.15525876460768,0.0,0.0,0.0,0.0,0.0,0.0,3500000.0
Robin Lehner,Goalie,1991-07-24,29,Gothenburg,Unknown,SWE,"6' 4""",250,False,False,False,L,Y,2055:28,0,0,0,0,36,0,0,0,0,0,0,0.0,0.0,0,0,0,0,0,0,0,0,0,57:05,0,0,0,5,1,0,19,10,1136,167,35,934,40,1013,182,0.92,2.8899,34,1235,99,91.75824175824175,87.5,92.20138203356368,2615:49,0,0,0,0,46,0,0,0,0,0,0,0.0,0.0,0,0,0,0,0,0,0,0,0,56:51,0,0,0,5,6,0,25,13,1230,159,37,1034,37,1107,179,0.929705,2.133177,43,1323,93,88.8268156424581,100.0,93.4056007226739,2852:01,0,0,0,0,53,0,0,0,0,0,0,0.0,0.0,0,0,0,0,0,0,0,0,0,53:48,0,0,0,9,3,0,14,26,1417,201,46,1170,53,1279,228,0.908333,3.008398,50,1560,143,88.1578947368421,86.79245283018868,91.47771696637999,3405:28,0,0,0,0,59,0,0,0,0,0,0,0.0,0.0,0,0,0,0,0,0,0,0,0,57:43,0,0,0,8,2,23,26,1758,262,43,1453,46,1570,294,0.920419,2.678047,58,1910,152,89.1156462585034,93.47826086956522,92.54777070063695,1164:05,0,0,0,0,21,0,0,0,0,0,0,0.0,0.0,0,0,0,0,0,0,0,0,0,55:25,0,0,0,5,1,5,9,586,93,13,480,14,520,100,0.92429,2.47405,21,634,48,93.0,92.85714285714286,92.3076923076923,1471:20,0,0,0,0,25,0,0,0,0,0,0,0.0,0.0,0,0,0,0,0,0,0,0,0,58:51,0,0,0,3,0,9,12,705,96,15,594,17,650,112,0.905006,3.017671,24,779,74,85.71428571428571,88.23529411764706,91.38461538461539,1942:10,0,0,0,0,36,0,0,0,0,0,0,0.0,0.0,0,0,0,0,0,0,0,0,0,53:56,0,0,0,6,1,12,15,1042,178,30,834,33,911,197,0.913234,3.05844,30,1141,99,90.35532994923858,90.9090909090909,91.5477497255763,0.0,0.0,0.0,0.0,0.0,0.0,3000000.0
